1836430-45611644	MEDLINE_MeSH_ClinTrial	positive	7	1	http://dbmi-icode-01.dbmi.pitt.edu/l/index.php?id=1imo	COUNT
1436650-45616715	MEDLINE_MeSH_ClinTrial	positive	7	1	http://dbmi-icode-01.dbmi.pitt.edu/l/index.php?id=1imp	COUNT
1036228-45618818	MEDLINE_MeSH_ClinTrial	positive	7	1	http://dbmi-icode-01.dbmi.pitt.edu/l/index.php?id=1imq	COUNT
19136247-45617726	MEDLINE_MeSH_ClinTrial	positive	7	1	http://dbmi-icode-01.dbmi.pitt.edu/l/index.php?id=1imr	COUNT
19136247-45618818	MEDLINE_MeSH_ClinTrial	positive	7	1	http://dbmi-icode-01.dbmi.pitt.edu/l/index.php?id=1ims	COUNT
1036228-45617726	MEDLINE_MeSH_ClinTrial	positive	7	1	http://dbmi-icode-01.dbmi.pitt.edu/l/index.php?id=1imt	COUNT
19136247-45614297	MEDLINE_MeSH_ClinTrial	positive	7	1	http://dbmi-icode-01.dbmi.pitt.edu/l/index.php?id=1imu	COUNT
19136247-45611644	MEDLINE_MeSH_ClinTrial	positive	7	1	http://dbmi-icode-01.dbmi.pitt.edu/l/index.php?id=1imv	COUNT
1436650-45616712	MEDLINE_MeSH_ClinTrial	positive	7	1	http://dbmi-icode-01.dbmi.pitt.edu/l/index.php?id=1imw	COUNT
1436650-45617726	MEDLINE_MeSH_ClinTrial	positive	7	2	http://dbmi-icode-01.dbmi.pitt.edu/l/index.php?id=1imx	COUNT
1436650-45618843	MEDLINE_MeSH_ClinTrial	positive	7	2	http://dbmi-icode-01.dbmi.pitt.edu/l/index.php?id=1imy	COUNT
1436650-45612878	MEDLINE_MeSH_ClinTrial	positive	7	2	http://dbmi-icode-01.dbmi.pitt.edu/l/index.php?id=1imz	COUNT
1436650-45618818	MEDLINE_MeSH_ClinTrial	positive	7	1	http://dbmi-icode-01.dbmi.pitt.edu/l/index.php?id=1in0	COUNT
1436650-45614396	MEDLINE_MeSH_ClinTrial	positive	7	2	http://dbmi-icode-01.dbmi.pitt.edu/l/index.php?id=1in1	COUNT
1436650-45614051	MEDLINE_MeSH_ClinTrial	positive	7	3	http://dbmi-icode-01.dbmi.pitt.edu/l/index.php?id=1in2	COUNT
1236607-45614396	MEDLINE_MeSH_ClinTrial	positive	7	1	http://dbmi-icode-01.dbmi.pitt.edu/l/index.php?id=1in3	COUNT
1236607-45618828	MEDLINE_MeSH_ClinTrial	positive	7	1	http://dbmi-icode-01.dbmi.pitt.edu/l/index.php?id=1in4	COUNT
1236607-45614051	MEDLINE_MeSH_ClinTrial	positive	7	2	http://dbmi-icode-01.dbmi.pitt.edu/l/index.php?id=1in5	COUNT
1236607-45618025	MEDLINE_MeSH_ClinTrial	positive	7	2	http://dbmi-icode-01.dbmi.pitt.edu/l/index.php?id=1in6	COUNT
1436650-45617102	MEDLINE_MeSH_ClinTrial	positive	7	1	http://dbmi-icode-01.dbmi.pitt.edu/l/index.php?id=1in7	COUNT
1436678-45612024	MEDLINE_MeSH_ClinTrial	positive	7	2	http://dbmi-icode-01.dbmi.pitt.edu/l/index.php?id=1in8	COUNT
1436678-45617814	MEDLINE_MeSH_ClinTrial	positive	7	1	http://dbmi-icode-01.dbmi.pitt.edu/l/index.php?id=1in9	COUNT
1436650-45614354	MEDLINE_MeSH_ClinTrial	positive	7	1	http://dbmi-icode-01.dbmi.pitt.edu/l/index.php?id=1ina	COUNT
1436650-45616700	MEDLINE_MeSH_ClinTrial	positive	7	3	http://dbmi-icode-01.dbmi.pitt.edu/l/index.php?id=1inb	COUNT
1436650-45618025	MEDLINE_MeSH_ClinTrial	positive	7	2	http://dbmi-icode-01.dbmi.pitt.edu/l/index.php?id=1inc	COUNT
1836410-45618025	MEDLINE_MeSH_ClinTrial	positive	7	1	http://dbmi-icode-01.dbmi.pitt.edu/l/index.php?id=1ind	COUNT
19136187-45611644	MEDLINE_MeSH_ClinTrial	positive	7	5	http://dbmi-icode-01.dbmi.pitt.edu/l/index.php?id=1ine	COUNT
19136626-45614396	MEDLINE_MeSH_ClinTrial	positive	7	1	http://dbmi-icode-01.dbmi.pitt.edu/l/index.php?id=1inf	COUNT
19136626-45618025	MEDLINE_MeSH_ClinTrial	positive	7	3	http://dbmi-icode-01.dbmi.pitt.edu/l/index.php?id=1ing	COUNT
1836430-45617726	MEDLINE_MeSH_ClinTrial	positive	7	1	http://dbmi-icode-01.dbmi.pitt.edu/l/index.php?id=1inh	COUNT
1836430-45616712	MEDLINE_MeSH_ClinTrial	positive	7	1	http://dbmi-icode-01.dbmi.pitt.edu/l/index.php?id=1ini	COUNT
1836430-45610415	MEDLINE_MeSH_ClinTrial	positive	7	1	http://dbmi-icode-01.dbmi.pitt.edu/l/index.php?id=1inj	COUNT
836654-45614396	MEDLINE_MeSH_ClinTrial	positive	7	1	http://dbmi-icode-01.dbmi.pitt.edu/l/index.php?id=1ink	COUNT
836654-45618834	MEDLINE_MeSH_ClinTrial	positive	7	1	http://dbmi-icode-01.dbmi.pitt.edu/l/index.php?id=1inl	COUNT
836654-45618025	MEDLINE_MeSH_ClinTrial	positive	7	1	http://dbmi-icode-01.dbmi.pitt.edu/l/index.php?id=1inm	COUNT
19136187-45614227	MEDLINE_MeSH_ClinTrial	positive	7	1	http://dbmi-icode-01.dbmi.pitt.edu/l/index.php?id=1inn	COUNT
19136187-45611172	MEDLINE_MeSH_ClinTrial	positive	7	1	http://dbmi-icode-01.dbmi.pitt.edu/l/index.php?id=1ino	COUNT
1836391-45618025	MEDLINE_MeSH_ClinTrial	positive	7	1	http://dbmi-icode-01.dbmi.pitt.edu/l/index.php?id=1inp	COUNT
40225716-45614396	MEDLINE_MeSH_ClinTrial	positive	7	1	http://dbmi-icode-01.dbmi.pitt.edu/l/index.php?id=1inq	COUNT
19000826-45614396	MEDLINE_MeSH_ClinTrial	positive	7	1	http://dbmi-icode-01.dbmi.pitt.edu/l/index.php?id=1inr	COUNT
19000826-45611644	MEDLINE_MeSH_ClinTrial	positive	7	1	http://dbmi-icode-01.dbmi.pitt.edu/l/index.php?id=1ins	COUNT
19000826-45618843	MEDLINE_MeSH_ClinTrial	positive	7	1	http://dbmi-icode-01.dbmi.pitt.edu/l/index.php?id=1int	COUNT
19136429-45618025	MEDLINE_MeSH_ClinTrial	positive	7	1	http://dbmi-icode-01.dbmi.pitt.edu/l/index.php?id=1inu	COUNT
19136493-45614396	MEDLINE_MeSH_ClinTrial	positive	7	1	http://dbmi-icode-01.dbmi.pitt.edu/l/index.php?id=1inv	COUNT
19136493-45614051	MEDLINE_MeSH_ClinTrial	positive	7	1	http://dbmi-icode-01.dbmi.pitt.edu/l/index.php?id=1inw	COUNT
1836191-45617814	MEDLINE_MeSH_ClinTrial	positive	7	1	http://dbmi-icode-01.dbmi.pitt.edu/l/index.php?id=1inx	COUNT
1836191-45614227	MEDLINE_MeSH_ClinTrial	positive	7	1	http://dbmi-icode-01.dbmi.pitt.edu/l/index.php?id=1iny	COUNT
1836191-45618025	MEDLINE_MeSH_ClinTrial	positive	7	3	http://dbmi-icode-01.dbmi.pitt.edu/l/index.php?id=1inz	COUNT
1036636-45618025	MEDLINE_MeSH_ClinTrial	positive	7	1	http://dbmi-icode-01.dbmi.pitt.edu/l/index.php?id=1io0	COUNT
19136651-45614051	MEDLINE_MeSH_ClinTrial	positive	7	1	http://dbmi-icode-01.dbmi.pitt.edu/l/index.php?id=1io1	COUNT
19136651-45611995	MEDLINE_MeSH_ClinTrial	positive	7	4	http://dbmi-icode-01.dbmi.pitt.edu/l/index.php?id=1io2	COUNT
1436650-45610671	MEDLINE_MeSH_ClinTrial	positive	7	1	http://dbmi-icode-01.dbmi.pitt.edu/l/index.php?id=1io3	COUNT
1436169-45616715	MEDLINE_MeSH_ClinTrial	positive	7	1	http://dbmi-icode-01.dbmi.pitt.edu/l/index.php?id=1io4	COUNT
1436169-45616700	MEDLINE_MeSH_ClinTrial	positive	7	2	http://dbmi-icode-01.dbmi.pitt.edu/l/index.php?id=1io5	COUNT
1436169-45611644	MEDLINE_MeSH_ClinTrial	positive	7	5	http://dbmi-icode-01.dbmi.pitt.edu/l/index.php?id=1io6	COUNT
19136642-45611690	MEDLINE_MeSH_ClinTrial	positive	7	1	http://dbmi-icode-01.dbmi.pitt.edu/l/index.php?id=1io7	COUNT
19136247-45614396	MEDLINE_MeSH_ClinTrial	positive	7	1	http://dbmi-icode-01.dbmi.pitt.edu/l/index.php?id=1io8	COUNT
19136247-45618843	MEDLINE_MeSH_ClinTrial	positive	7	1	http://dbmi-icode-01.dbmi.pitt.edu/l/index.php?id=1io9	COUNT
1436169-45610705	MEDLINE_MeSH_ClinTrial	positive	7	1	http://dbmi-icode-01.dbmi.pitt.edu/l/index.php?id=1ioa	COUNT
1436169-45616712	MEDLINE_MeSH_ClinTrial	positive	7	1	http://dbmi-icode-01.dbmi.pitt.edu/l/index.php?id=1iob	COUNT
1236607-45616700	MEDLINE_MeSH_ClinTrial	positive	7	1	http://dbmi-icode-01.dbmi.pitt.edu/l/index.php?id=1ioc	COUNT
1236607-45611995	MEDLINE_MeSH_ClinTrial	positive	7	1	http://dbmi-icode-01.dbmi.pitt.edu/l/index.php?id=1iod	COUNT
1236607-45611644	MEDLINE_MeSH_ClinTrial	positive	7	1	http://dbmi-icode-01.dbmi.pitt.edu/l/index.php?id=1ioe	COUNT
40224763-45618025	MEDLINE_MeSH_ClinTrial	positive	7	1	http://dbmi-icode-01.dbmi.pitt.edu/l/index.php?id=1iof	COUNT
1436678-45611995	MEDLINE_MeSH_ClinTrial	positive	7	1	http://dbmi-icode-01.dbmi.pitt.edu/l/index.php?id=1iog	COUNT
19136626-45616916	MEDLINE_MeSH_ClinTrial	positive	7	1	http://dbmi-icode-01.dbmi.pitt.edu/l/index.php?id=1ioh	COUNT
836208-45618025	MEDLINE_MeSH_ClinTrial	positive	7	2	http://dbmi-icode-01.dbmi.pitt.edu/l/index.php?id=1ioi	COUNT
836208-45614421	MEDLINE_MeSH_ClinTrial	positive	7	2	http://dbmi-icode-01.dbmi.pitt.edu/l/index.php?id=1ioj	COUNT
1836191-45614396	MEDLINE_MeSH_ClinTrial	positive	7	1	http://dbmi-icode-01.dbmi.pitt.edu/l/index.php?id=1iok	COUNT
1036667-45614227	MEDLINE_MeSH_ClinTrial	positive	7	1	http://dbmi-icode-01.dbmi.pitt.edu/l/index.php?id=1iol	COUNT
1236607-45618843	MEDLINE_MeSH_ClinTrial	positive	7	1	http://dbmi-icode-01.dbmi.pitt.edu/l/index.php?id=1iom	COUNT
836208-45614396	MEDLINE_MeSH_ClinTrial	positive	7	1	http://dbmi-icode-01.dbmi.pitt.edu/l/index.php?id=1ion	COUNT
19000815-45611995	MEDLINE_MeSH_ClinTrial	positive	7	1	http://dbmi-icode-01.dbmi.pitt.edu/l/index.php?id=1ioo	COUNT
19000815-45614396	MEDLINE_MeSH_ClinTrial	positive	7	1	http://dbmi-icode-01.dbmi.pitt.edu/l/index.php?id=1iop	COUNT
19000815-45618025	MEDLINE_MeSH_ClinTrial	positive	7	1	http://dbmi-icode-01.dbmi.pitt.edu/l/index.php?id=1ioq	COUNT
19000811-45617726	MEDLINE_MeSH_ClinTrial	positive	7	1	http://dbmi-icode-01.dbmi.pitt.edu/l/index.php?id=1ior	COUNT
19000811-45618818	MEDLINE_MeSH_ClinTrial	positive	7	1	http://dbmi-icode-01.dbmi.pitt.edu/l/index.php?id=1ios	COUNT
1036157-45610671	MEDLINE_MeSH_ClinTrial	positive	7	1	http://dbmi-icode-01.dbmi.pitt.edu/l/index.php?id=1iot	COUNT
40225716-45611644	MEDLINE_MeSH_ClinTrial	positive	7	1	http://dbmi-icode-01.dbmi.pitt.edu/l/index.php?id=1iou	COUNT
40225716-45610671	MEDLINE_MeSH_ClinTrial	positive	7	1	http://dbmi-icode-01.dbmi.pitt.edu/l/index.php?id=1iov	COUNT
40224678-45618025	MEDLINE_MeSH_ClinTrial	positive	7	1	http://dbmi-icode-01.dbmi.pitt.edu/l/index.php?id=1iow	COUNT
40224678-45614396	MEDLINE_MeSH_ClinTrial	positive	7	1	http://dbmi-icode-01.dbmi.pitt.edu/l/index.php?id=1iox	COUNT
40226579-45617814	MEDLINE_MeSH_ClinTrial	positive	7	1	http://dbmi-icode-01.dbmi.pitt.edu/l/index.php?id=1ioy	COUNT
40226579-45612024	MEDLINE_MeSH_ClinTrial	positive	7	1	http://dbmi-icode-01.dbmi.pitt.edu/l/index.php?id=1ioz	COUNT
40226579-45610671	MEDLINE_MeSH_ClinTrial	positive	7	1	http://dbmi-icode-01.dbmi.pitt.edu/l/index.php?id=1ip0	COUNT
19136210-45614396	MEDLINE_MeSH_ClinTrial	positive	7	1	http://dbmi-icode-01.dbmi.pitt.edu/l/index.php?id=1ip1	COUNT
19136210-45616715	MEDLINE_MeSH_ClinTrial	positive	7	1	http://dbmi-icode-01.dbmi.pitt.edu/l/index.php?id=1ip2	COUNT
19136651-45618025	MEDLINE_MeSH_ClinTrial	positive	7	3	http://dbmi-icode-01.dbmi.pitt.edu/l/index.php?id=1ip3	COUNT
1836430-45618025	MEDLINE_MeSH_ClinTrial	positive	7	1	http://dbmi-icode-01.dbmi.pitt.edu/l/index.php?id=1ip4	COUNT
19000813-45618025	MEDLINE_MeSH_ClinTrial	positive	7	1	http://dbmi-icode-01.dbmi.pitt.edu/l/index.php?id=1ip5	COUNT
1836241-45611644	MEDLINE_MeSH_ClinTrial	positive	7	1	http://dbmi-icode-01.dbmi.pitt.edu/l/index.php?id=1ip6	COUNT
1036157-45614396	MEDLINE_MeSH_ClinTrial	positive	7	1	http://dbmi-icode-01.dbmi.pitt.edu/l/index.php?id=1ip7	COUNT
1036157-45614297	MEDLINE_MeSH_ClinTrial	positive	7	1	http://dbmi-icode-01.dbmi.pitt.edu/l/index.php?id=1ip8	COUNT
1036157-45611644	MEDLINE_MeSH_ClinTrial	positive	7	2	http://dbmi-icode-01.dbmi.pitt.edu/l/index.php?id=1ip9	COUNT
19136642-45611644	MEDLINE_MeSH_ClinTrial	positive	7	1	http://dbmi-icode-01.dbmi.pitt.edu/l/index.php?id=1ipa	COUNT
19136642-45615891	MEDLINE_MeSH_ClinTrial	positive	7	1	http://dbmi-icode-01.dbmi.pitt.edu/l/index.php?id=1ipb	COUNT
1436650-45611644	MEDLINE_MeSH_ClinTrial	positive	7	1	http://dbmi-icode-01.dbmi.pitt.edu/l/index.php?id=1ipc	COUNT
19136247-45611690	MEDLINE_MeSH_ClinTrial	positive	7	1	http://dbmi-icode-01.dbmi.pitt.edu/l/index.php?id=1ipd	COUNT
1836191-45614267	MEDLINE_MeSH_ClinTrial	positive	7	1	http://dbmi-icode-01.dbmi.pitt.edu/l/index.php?id=1ipe	COUNT
1836191-45611644	MEDLINE_MeSH_ClinTrial	positive	7	1	http://dbmi-icode-01.dbmi.pitt.edu/l/index.php?id=1ipf	COUNT
1236607-45610415	MEDLINE_MeSH_ClinTrial	positive	7	1	http://dbmi-icode-01.dbmi.pitt.edu/l/index.php?id=1ipg	COUNT
1236607-45616712	MEDLINE_MeSH_ClinTrial	positive	7	1	http://dbmi-icode-01.dbmi.pitt.edu/l/index.php?id=1iph	COUNT
1436678-45618828	MEDLINE_MeSH_ClinTrial	positive	7	1	http://dbmi-icode-01.dbmi.pitt.edu/l/index.php?id=1ipi	COUNT
1436678-45611624	MEDLINE_MeSH_ClinTrial	positive	7	2	http://dbmi-icode-01.dbmi.pitt.edu/l/index.php?id=1ipj	COUNT
19000921-45618025	MEDLINE_MeSH_ClinTrial	positive	7	1	http://dbmi-icode-01.dbmi.pitt.edu/l/index.php?id=1ipk	COUNT
19000921-45616580	MEDLINE_MeSH_ClinTrial	positive	7	1	http://dbmi-icode-01.dbmi.pitt.edu/l/index.php?id=1ipl	COUNT
1836430-45614396	MEDLINE_MeSH_ClinTrial	positive	7	1	http://dbmi-icode-01.dbmi.pitt.edu/l/index.php?id=1ipm	COUNT
1836430-45614227	MEDLINE_MeSH_ClinTrial	positive	7	1	http://dbmi-icode-01.dbmi.pitt.edu/l/index.php?id=1ipn	COUNT
19136247-45610405	MEDLINE_MeSH_ClinTrial	positive	7	1	http://dbmi-icode-01.dbmi.pitt.edu/l/index.php?id=1ipo	COUNT
1036228-45618025	MEDLINE_MeSH_ClinTrial	positive	7	1	http://dbmi-icode-01.dbmi.pitt.edu/l/index.php?id=1ipp	COUNT
1036228-45610405	MEDLINE_MeSH_ClinTrial	positive	7	1	http://dbmi-icode-01.dbmi.pitt.edu/l/index.php?id=1ipq	COUNT
19136247-45618025	MEDLINE_MeSH_ClinTrial	positive	7	3	http://dbmi-icode-01.dbmi.pitt.edu/l/index.php?id=1ipr	COUNT
1436169-45611624	MEDLINE_MeSH_ClinTrial	positive	7	1	http://dbmi-icode-01.dbmi.pitt.edu/l/index.php?id=1ips	COUNT
19136210-45617726	MEDLINE_MeSH_ClinTrial	positive	7	1	http://dbmi-icode-01.dbmi.pitt.edu/l/index.php?id=1ipt	COUNT
19136210-45618843	MEDLINE_MeSH_ClinTrial	positive	7	1	http://dbmi-icode-01.dbmi.pitt.edu/l/index.php?id=1ipu	COUNT
19136187-45614051	MEDLINE_MeSH_ClinTrial	positive	7	1	http://dbmi-icode-01.dbmi.pitt.edu/l/index.php?id=1ipv	COUNT
1436678-45618025	MEDLINE_MeSH_ClinTrial	positive	7	1	http://dbmi-icode-01.dbmi.pitt.edu/l/index.php?id=1ipw	COUNT
1436678-45610405	MEDLINE_MeSH_ClinTrial	positive	7	1	http://dbmi-icode-01.dbmi.pitt.edu/l/index.php?id=1ipx	COUNT
1436678-45615468	MEDLINE_MeSH_ClinTrial	positive	7	1	http://dbmi-icode-01.dbmi.pitt.edu/l/index.php?id=1ipy	COUNT
836208-45616715	MEDLINE_MeSH_ClinTrial	positive	7	1	http://dbmi-icode-01.dbmi.pitt.edu/l/index.php?id=1ipz	COUNT
19136626-45612024	MEDLINE_MeSH_ClinTrial	positive	7	1	http://dbmi-icode-01.dbmi.pitt.edu/l/index.php?id=1iq0	COUNT
19136626-45611644	MEDLINE_MeSH_ClinTrial	positive	7	1	http://dbmi-icode-01.dbmi.pitt.edu/l/index.php?id=1iq1	COUNT
19136626-45614297	MEDLINE_MeSH_ClinTrial	positive	7	1	http://dbmi-icode-01.dbmi.pitt.edu/l/index.php?id=1iq2	COUNT
19136247-45616700	MEDLINE_MeSH_ClinTrial	positive	7	1	http://dbmi-icode-01.dbmi.pitt.edu/l/index.php?id=1iq3	COUNT
1036228-45616700	MEDLINE_MeSH_ClinTrial	positive	7	1	http://dbmi-icode-01.dbmi.pitt.edu/l/index.php?id=1iq4	COUNT
1036525-45618025	MEDLINE_MeSH_ClinTrial	positive	7	1	http://dbmi-icode-01.dbmi.pitt.edu/l/index.php?id=1iq5	COUNT
1036059-45611644	MEDLINE_MeSH_ClinTrial	positive	7	1	http://dbmi-icode-01.dbmi.pitt.edu/l/index.php?id=1iq6	COUNT
19136642-45611995	MEDLINE_MeSH_ClinTrial	positive	7	1	http://dbmi-icode-01.dbmi.pitt.edu/l/index.php?id=1iq7	COUNT
19136642-45614396	MEDLINE_MeSH_ClinTrial	positive	7	1	http://dbmi-icode-01.dbmi.pitt.edu/l/index.php?id=1iq8	COUNT
1836410-45611644	MEDLINE_MeSH_ClinTrial	positive	7	1	http://dbmi-icode-01.dbmi.pitt.edu/l/index.php?id=1iq9	COUNT
19136654-45614051	MEDLINE_MeSH_ClinTrial	positive	7	1	http://dbmi-icode-01.dbmi.pitt.edu/l/index.php?id=1iqa	COUNT
1436169-45612888	MEDLINE_MeSH_ClinTrial	positive	7	1	http://dbmi-icode-01.dbmi.pitt.edu/l/index.php?id=1iqb	COUNT
1436169-45618025	MEDLINE_MeSH_ClinTrial	positive	7	1	http://dbmi-icode-01.dbmi.pitt.edu/l/index.php?id=1iqc	COUNT
1036157-45617726	MEDLINE_MeSH_ClinTrial	positive	7	1	http://dbmi-icode-01.dbmi.pitt.edu/l/index.php?id=1iqd	COUNT
1036157-45618818	MEDLINE_MeSH_ClinTrial	positive	7	1	http://dbmi-icode-01.dbmi.pitt.edu/l/index.php?id=1iqe	COUNT
836208-45611644	MEDLINE_MeSH_ClinTrial	positive	7	1	http://dbmi-icode-01.dbmi.pitt.edu/l/index.php?id=1iqf	COUNT
40226579-45611644	MEDLINE_MeSH_ClinTrial	positive	7	1	http://dbmi-icode-01.dbmi.pitt.edu/l/index.php?id=1iqg	COUNT
40226579-45618025	MEDLINE_MeSH_ClinTrial	positive	7	1	http://dbmi-icode-01.dbmi.pitt.edu/l/index.php?id=1iqh	COUNT
40226579-45614051	MEDLINE_MeSH_ClinTrial	positive	7	1	http://dbmi-icode-01.dbmi.pitt.edu/l/index.php?id=1iqi	COUNT
1836241-45618843	MEDLINE_MeSH_ClinTrial	positive	7	1	http://dbmi-icode-01.dbmi.pitt.edu/l/index.php?id=1iqj	COUNT
1836430-45618843	MEDLINE_MeSH_ClinTrial	positive	7	1	http://dbmi-icode-01.dbmi.pitt.edu/l/index.php?id=1iqk	COUNT
1436650-45616916	MEDLINE_MeSH_ClinTrial	positive	7	1	http://dbmi-icode-01.dbmi.pitt.edu/l/index.php?id=1iql	COUNT
19000815-45611172	MEDLINE_MeSH_ClinTrial	positive	7	1	http://dbmi-icode-01.dbmi.pitt.edu/l/index.php?id=1iqm	COUNT
19000815-45611644	MEDLINE_MeSH_ClinTrial	positive	7	2	http://dbmi-icode-01.dbmi.pitt.edu/l/index.php?id=1iqn	COUNT
1436678-45614227	MEDLINE_MeSH_ClinTrial	positive	7	1	http://dbmi-icode-01.dbmi.pitt.edu/l/index.php?id=1iqo	COUNT
1436678-45616700	MEDLINE_MeSH_ClinTrial	positive	7	1	http://dbmi-icode-01.dbmi.pitt.edu/l/index.php?id=1iqp	COUNT
19136651-45614396	MEDLINE_MeSH_ClinTrial	positive	7	1	http://dbmi-icode-01.dbmi.pitt.edu/l/index.php?id=1iqq	COUNT
19136651-45611624	MEDLINE_MeSH_ClinTrial	positive	7	1	http://dbmi-icode-01.dbmi.pitt.edu/l/index.php?id=1iqr	COUNT
1836430-45616700	MEDLINE_MeSH_ClinTrial	positive	7	1	http://dbmi-icode-01.dbmi.pitt.edu/l/index.php?id=1iqs	COUNT
19136187-45614297	MEDLINE_MeSH_ClinTrial	positive	7	1	http://dbmi-icode-01.dbmi.pitt.edu/l/index.php?id=1iqt	COUNT
19136187-45618025	MEDLINE_MeSH_ClinTrial	positive	7	1	http://dbmi-icode-01.dbmi.pitt.edu/l/index.php?id=1iqu	COUNT
1036157-45614051	MEDLINE_MeSH_ClinTrial	positive	7	1	http://dbmi-icode-01.dbmi.pitt.edu/l/index.php?id=1iqv	COUNT
1036094-45618025	MEDLINE_MeSH_ClinTrial	positive	7	1	http://dbmi-icode-01.dbmi.pitt.edu/l/index.php?id=1iqw	COUNT
1436650-45611881	MEDLINE_MeSH_ClinTrial	positive	7	1	http://dbmi-icode-01.dbmi.pitt.edu/l/index.php?id=1iqx	COUNT
1036228-45614051	MEDLINE_MeSH_ClinTrial	positive	7	1	http://dbmi-icode-01.dbmi.pitt.edu/l/index.php?id=1iqy	COUNT
19136247-45614051	MEDLINE_MeSH_ClinTrial	positive	7	1	http://dbmi-icode-01.dbmi.pitt.edu/l/index.php?id=1iqz	COUNT
1836410-45618843	MEDLINE_MeSH_ClinTrial	positive	7	1	http://dbmi-icode-01.dbmi.pitt.edu/l/index.php?id=1ir0	COUNT
1436678-45618818	MEDLINE_MeSH_ClinTrial	positive	7	1	http://dbmi-icode-01.dbmi.pitt.edu/l/index.php?id=1ir1	COUNT
1436678-45617726	MEDLINE_MeSH_ClinTrial	positive	7	1	http://dbmi-icode-01.dbmi.pitt.edu/l/index.php?id=1ir2	COUNT
19136651-45618843	MEDLINE_MeSH_ClinTrial	positive	7	1	http://dbmi-icode-01.dbmi.pitt.edu/l/index.php?id=1ir3	COUNT
19000820-45614051	MEDLINE_MeSH_ClinTrial	positive	7	1	http://dbmi-icode-01.dbmi.pitt.edu/l/index.php?id=1ir4	COUNT
19136626-45616580	MEDLINE_MeSH_ClinTrial	positive	7	1	http://dbmi-icode-01.dbmi.pitt.edu/l/index.php?id=1ir5	COUNT
1236493-45611644	MEDLINE_MeSH_ClinTrial	positive	7	1	http://dbmi-icode-01.dbmi.pitt.edu/l/index.php?id=1ir6	COUNT
19000815-45615891	MEDLINE_MeSH_ClinTrial	positive	7	1	http://dbmi-icode-01.dbmi.pitt.edu/l/index.php?id=1ir7	COUNT
1836503-45618843	MEDLINE_MeSH_ClinTrial	positive	7	1	http://dbmi-icode-01.dbmi.pitt.edu/l/index.php?id=1ir8	COUNT
1036157-45615891	MEDLINE_MeSH_ClinTrial	positive	7	1	http://dbmi-icode-01.dbmi.pitt.edu/l/index.php?id=1ir9	COUNT
1036059-45614227	MEDLINE_MeSH_ClinTrial	positive	7	1	http://dbmi-icode-01.dbmi.pitt.edu/l/index.php?id=1ira	COUNT
19136651-45610705	MEDLINE_MeSH_ClinTrial	positive	7	1	http://dbmi-icode-01.dbmi.pitt.edu/l/index.php?id=1irb	COUNT
1436169-45617726	MEDLINE_MeSH_ClinTrial	positive	7	1	http://dbmi-icode-01.dbmi.pitt.edu/l/index.php?id=1irc	COUNT
1436169-45611995	MEDLINE_MeSH_ClinTrial	positive	7	1	http://dbmi-icode-01.dbmi.pitt.edu/l/index.php?id=1ird	COUNT
1636145-45610671	MEDLINE_MeSH_ClinTrial	positive	7	1	http://dbmi-icode-01.dbmi.pitt.edu/l/index.php?id=1ire	COUNT
1436678-45616712	MEDLINE_MeSH_ClinTrial	positive	7	1	http://dbmi-icode-01.dbmi.pitt.edu/l/index.php?id=1irf	COUNT
1036157-45618025	MEDLINE_MeSH_ClinTrial	positive	7	1	http://dbmi-icode-01.dbmi.pitt.edu/l/index.php?id=1irg	COUNT
19001477-45611644	MEDLINE_MeSH_CR	positive	6	1	http://dbmi-icode-01.dbmi.pitt.edu/l/index.php?id=1irh	COUNT
1436678-45618274	MEDLINE_MeSH_CR	positive	6	6	http://dbmi-icode-01.dbmi.pitt.edu/l/index.php?id=1iri	COUNT
19136187-45614051	MEDLINE_MeSH_CR	positive	6	1	http://dbmi-icode-01.dbmi.pitt.edu/l/index.php?id=1irj	COUNT
19136187-45618025	MEDLINE_MeSH_CR	positive	6	2	http://dbmi-icode-01.dbmi.pitt.edu/l/index.php?id=1irk	COUNT
19136187-45611644	MEDLINE_MeSH_CR	positive	6	9	http://dbmi-icode-01.dbmi.pitt.edu/l/index.php?id=1irl	COUNT
1836391-45614227	MEDLINE_MeSH_CR	positive	6	1	http://dbmi-icode-01.dbmi.pitt.edu/l/index.php?id=1irm	COUNT
1836391-45612024	MEDLINE_MeSH_CR	positive	6	2	http://dbmi-icode-01.dbmi.pitt.edu/l/index.php?id=1irn	COUNT
19136210-45618843	MEDLINE_MeSH_CR	positive	6	1	http://dbmi-icode-01.dbmi.pitt.edu/l/index.php?id=1iro	COUNT
1036228-45618025	MEDLINE_MeSH_CR	positive	6	1	http://dbmi-icode-01.dbmi.pitt.edu/l/index.php?id=1irp	COUNT
19136247-45618025	MEDLINE_MeSH_CR	positive	6	3	http://dbmi-icode-01.dbmi.pitt.edu/l/index.php?id=1irq	COUNT
1836410-45618025	MEDLINE_MeSH_CR	positive	6	2	http://dbmi-icode-01.dbmi.pitt.edu/l/index.php?id=1irr	COUNT
1836410-45614051	MEDLINE_MeSH_CR	positive	6	1	http://dbmi-icode-01.dbmi.pitt.edu/l/index.php?id=1irs	COUNT
19136210-45611644	MEDLINE_MeSH_CR	positive	6	1	http://dbmi-icode-01.dbmi.pitt.edu/l/index.php?id=1irt	COUNT
19136187-45616712	MEDLINE_MeSH_CR	positive	6	1	http://dbmi-icode-01.dbmi.pitt.edu/l/index.php?id=1iru	COUNT
1436650-45614227	MEDLINE_MeSH_CR	positive	6	1	http://dbmi-icode-01.dbmi.pitt.edu/l/index.php?id=1irv	COUNT
1436650-45614051	MEDLINE_MeSH_CR	positive	6	4	http://dbmi-icode-01.dbmi.pitt.edu/l/index.php?id=1irw	COUNT
1236607-45615891	MEDLINE_MeSH_CR	positive	6	1	http://dbmi-icode-01.dbmi.pitt.edu/l/index.php?id=1irx	COUNT
1236607-45611644	MEDLINE_MeSH_CR	positive	6	1	http://dbmi-icode-01.dbmi.pitt.edu/l/index.php?id=1iry	COUNT
19136247-45618843	MEDLINE_MeSH_CR	positive	6	1	http://dbmi-icode-01.dbmi.pitt.edu/l/index.php?id=1irz	COUNT
19136247-45611644	MEDLINE_MeSH_CR	positive	6	2	http://dbmi-icode-01.dbmi.pitt.edu/l/index.php?id=1is0	COUNT
1036425-45612888	MEDLINE_MeSH_CR	positive	6	1	http://dbmi-icode-01.dbmi.pitt.edu/l/index.php?id=1is1	COUNT
1036425-45618025	MEDLINE_MeSH_CR	positive	6	1	http://dbmi-icode-01.dbmi.pitt.edu/l/index.php?id=1is2	COUNT
1036425-45611644	MEDLINE_MeSH_CR	positive	6	2	http://dbmi-icode-01.dbmi.pitt.edu/l/index.php?id=1is3	COUNT
1036525-45614421	MEDLINE_MeSH_CR	positive	6	1	http://dbmi-icode-01.dbmi.pitt.edu/l/index.php?id=1is4	COUNT
1036525-45618025	MEDLINE_MeSH_CR	positive	6	1	http://dbmi-icode-01.dbmi.pitt.edu/l/index.php?id=1is5	COUNT
1036525-45616712	MEDLINE_MeSH_CR	positive	6	1	http://dbmi-icode-01.dbmi.pitt.edu/l/index.php?id=1is6	COUNT
836208-45614421	MEDLINE_MeSH_CR	positive	6	5	http://dbmi-icode-01.dbmi.pitt.edu/l/index.php?id=1is7	COUNT
19000826-45618025	MEDLINE_MeSH_CR	positive	6	1	http://dbmi-icode-01.dbmi.pitt.edu/l/index.php?id=1is8	COUNT
19000826-45611644	MEDLINE_MeSH_CR	positive	6	1	http://dbmi-icode-01.dbmi.pitt.edu/l/index.php?id=1is9	COUNT
1436650-45611644	MEDLINE_MeSH_CR	positive	6	2	http://dbmi-icode-01.dbmi.pitt.edu/l/index.php?id=1isa	COUNT
1436650-45612888	MEDLINE_MeSH_CR	positive	6	1	http://dbmi-icode-01.dbmi.pitt.edu/l/index.php?id=1isb	COUNT
1436650-45618025	MEDLINE_MeSH_CR	positive	6	3	http://dbmi-icode-01.dbmi.pitt.edu/l/index.php?id=1isc	COUNT
1036600-45617814	MEDLINE_MeSH_CR	positive	6	1	http://dbmi-icode-01.dbmi.pitt.edu/l/index.php?id=1isd	COUNT
19001477-45618025	MEDLINE_MeSH_CR	positive	6	1	http://dbmi-icode-01.dbmi.pitt.edu/l/index.php?id=1ise	COUNT
1436650-45616700	MEDLINE_MeSH_CR	positive	6	6	http://dbmi-icode-01.dbmi.pitt.edu/l/index.php?id=1isf	COUNT
1836503-45618843	MEDLINE_MeSH_CR	positive	6	1	http://dbmi-icode-01.dbmi.pitt.edu/l/index.php?id=1isg	COUNT
1636145-45611644	MEDLINE_MeSH_CR	positive	6	2	http://dbmi-icode-01.dbmi.pitt.edu/l/index.php?id=1ish	COUNT
1636145-45615489	MEDLINE_MeSH_CR	positive	6	1	http://dbmi-icode-01.dbmi.pitt.edu/l/index.php?id=1isi	COUNT
1036636-45618025	MEDLINE_MeSH_CR	positive	6	1	http://dbmi-icode-01.dbmi.pitt.edu/l/index.php?id=1isj	COUNT
19000813-45611644	MEDLINE_MeSH_CR	positive	6	1	http://dbmi-icode-01.dbmi.pitt.edu/l/index.php?id=1isk	COUNT
19000813-45618025	MEDLINE_MeSH_CR	positive	6	1	http://dbmi-icode-01.dbmi.pitt.edu/l/index.php?id=1isl	COUNT
836208-45611995	MEDLINE_MeSH_CR	positive	6	1	http://dbmi-icode-01.dbmi.pitt.edu/l/index.php?id=1ism	COUNT
19136651-45617726	MEDLINE_MeSH_CR	positive	6	1	http://dbmi-icode-01.dbmi.pitt.edu/l/index.php?id=1isn	COUNT
19136651-45618818	MEDLINE_MeSH_CR	positive	6	1	http://dbmi-icode-01.dbmi.pitt.edu/l/index.php?id=1iso	COUNT
19136651-45611995	MEDLINE_MeSH_CR	positive	6	1	http://dbmi-icode-01.dbmi.pitt.edu/l/index.php?id=1isp	COUNT
1036157-45610671	MEDLINE_MeSH_CR	positive	6	2	http://dbmi-icode-01.dbmi.pitt.edu/l/index.php?id=1isq	COUNT
1036157-45611690	MEDLINE_MeSH_CR	positive	6	1	http://dbmi-icode-01.dbmi.pitt.edu/l/index.php?id=1isr	COUNT
19136626-45618025	MEDLINE_MeSH_CR	positive	6	5	http://dbmi-icode-01.dbmi.pitt.edu/l/index.php?id=1iss	COUNT
19000813-45617814	MEDLINE_MeSH_CR	positive	6	1	http://dbmi-icode-01.dbmi.pitt.edu/l/index.php?id=1ist	COUNT
19000813-45617726	MEDLINE_MeSH_CR	positive	6	1	http://dbmi-icode-01.dbmi.pitt.edu/l/index.php?id=1isu	COUNT
1836430-45614300	MEDLINE_MeSH_CR	positive	6	1	http://dbmi-icode-01.dbmi.pitt.edu/l/index.php?id=1isv	COUNT
1836430-45618843	MEDLINE_MeSH_CR	positive	6	3	http://dbmi-icode-01.dbmi.pitt.edu/l/index.php?id=1isw	COUNT
1836430-45611644	MEDLINE_MeSH_CR	positive	6	5	http://dbmi-icode-01.dbmi.pitt.edu/l/index.php?id=1isx	COUNT
1836430-45618025	MEDLINE_MeSH_CR	positive	6	7	http://dbmi-icode-01.dbmi.pitt.edu/l/index.php?id=1isy	COUNT
1036525-45617726	MEDLINE_MeSH_CR	positive	6	1	http://dbmi-icode-01.dbmi.pitt.edu/l/index.php?id=1isz	COUNT
1036525-45618818	MEDLINE_MeSH_CR	positive	6	1	http://dbmi-icode-01.dbmi.pitt.edu/l/index.php?id=1it0	COUNT
1036525-45618843	MEDLINE_MeSH_CR	positive	6	1	http://dbmi-icode-01.dbmi.pitt.edu/l/index.php?id=1it1	COUNT
1036525-45615498	MEDLINE_MeSH_CR	positive	6	1	http://dbmi-icode-01.dbmi.pitt.edu/l/index.php?id=1it2	COUNT
19136626-45616916	MEDLINE_MeSH_CR	positive	6	2	http://dbmi-icode-01.dbmi.pitt.edu/l/index.php?id=1it3	COUNT
19136626-45617814	MEDLINE_MeSH_CR	positive	6	1	http://dbmi-icode-01.dbmi.pitt.edu/l/index.php?id=1it4	COUNT
19136247-45614051	MEDLINE_MeSH_CR	positive	6	1	http://dbmi-icode-01.dbmi.pitt.edu/l/index.php?id=1it5	COUNT
1436650-45616712	MEDLINE_MeSH_CR	positive	6	1	http://dbmi-icode-01.dbmi.pitt.edu/l/index.php?id=1it6	COUNT
1436650-45617726	MEDLINE_MeSH_CR	positive	6	3	http://dbmi-icode-01.dbmi.pitt.edu/l/index.php?id=1it7	COUNT
1436650-45619430	MEDLINE_MeSH_CR	positive	6	2	http://dbmi-icode-01.dbmi.pitt.edu/l/index.php?id=1it8	COUNT
1436650-45618818	MEDLINE_MeSH_CR	positive	6	3	http://dbmi-icode-01.dbmi.pitt.edu/l/index.php?id=1it9	COUNT
1436650-45618843	MEDLINE_MeSH_CR	positive	6	3	http://dbmi-icode-01.dbmi.pitt.edu/l/index.php?id=1ita	COUNT
1836503-45611644	MEDLINE_MeSH_CR	positive	6	2	http://dbmi-icode-01.dbmi.pitt.edu/l/index.php?id=1itb	COUNT
19136626-45611690	MEDLINE_MeSH_CR	positive	6	1	http://dbmi-icode-01.dbmi.pitt.edu/l/index.php?id=1itc	COUNT
1036525-45611644	MEDLINE_MeSH_CR	positive	6	1	http://dbmi-icode-01.dbmi.pitt.edu/l/index.php?id=1itd	COUNT
19136210-45614396	MEDLINE_MeSH_CR	positive	6	1	http://dbmi-icode-01.dbmi.pitt.edu/l/index.php?id=1ite	COUNT
1236493-45611644	MEDLINE_MeSH_CR	positive	6	1	http://dbmi-icode-01.dbmi.pitt.edu/l/index.php?id=1itf	COUNT
19000815-45618828	MEDLINE_MeSH_CR	positive	6	1	http://dbmi-icode-01.dbmi.pitt.edu/l/index.php?id=1itg	COUNT
1036228-45614421	MEDLINE_MeSH_CR	positive	6	1	http://dbmi-icode-01.dbmi.pitt.edu/l/index.php?id=1ith	COUNT
19136247-45617726	MEDLINE_MeSH_CR	positive	6	2	http://dbmi-icode-01.dbmi.pitt.edu/l/index.php?id=1iti	COUNT
1036228-45612878	MEDLINE_MeSH_CR	positive	6	1	http://dbmi-icode-01.dbmi.pitt.edu/l/index.php?id=1itj	COUNT
19136247-45612878	MEDLINE_MeSH_CR	positive	6	1	http://dbmi-icode-01.dbmi.pitt.edu/l/index.php?id=1itk	COUNT
1036228-45617726	MEDLINE_MeSH_CR	positive	6	2	http://dbmi-icode-01.dbmi.pitt.edu/l/index.php?id=1itl	COUNT
19136247-45614421	MEDLINE_MeSH_CR	positive	6	1	http://dbmi-icode-01.dbmi.pitt.edu/l/index.php?id=1itm	COUNT
1836410-45616580	MEDLINE_MeSH_CR	positive	6	1	http://dbmi-icode-01.dbmi.pitt.edu/l/index.php?id=1itn	COUNT
1436678-45611624	MEDLINE_MeSH_CR	positive	6	2	http://dbmi-icode-01.dbmi.pitt.edu/l/index.php?id=1ito	COUNT
1036667-45612868	MEDLINE_MeSH_CR	positive	6	1	http://dbmi-icode-01.dbmi.pitt.edu/l/index.php?id=1itp	COUNT
1036667-45618025	MEDLINE_MeSH_CR	positive	6	1	http://dbmi-icode-01.dbmi.pitt.edu/l/index.php?id=1itq	COUNT
1436678-45611881	MEDLINE_MeSH_CR	positive	6	1	http://dbmi-icode-01.dbmi.pitt.edu/l/index.php?id=1itr	COUNT
19136626-45618843	MEDLINE_MeSH_CR	positive	6	1	http://dbmi-icode-01.dbmi.pitt.edu/l/index.php?id=1its	COUNT
1436678-45612888	MEDLINE_MeSH_CR	positive	6	1	http://dbmi-icode-01.dbmi.pitt.edu/l/index.php?id=1itt	COUNT
1436678-45611644	MEDLINE_MeSH_CR	positive	6	6	http://dbmi-icode-01.dbmi.pitt.edu/l/index.php?id=1itu	COUNT
1436678-45618025	MEDLINE_MeSH_CR	positive	6	3	http://dbmi-icode-01.dbmi.pitt.edu/l/index.php?id=1itv	COUNT
836654-45614297	MEDLINE_MeSH_CR	positive	6	1	http://dbmi-icode-01.dbmi.pitt.edu/l/index.php?id=1itw	COUNT
836654-45611644	MEDLINE_MeSH_CR	positive	6	1	http://dbmi-icode-01.dbmi.pitt.edu/l/index.php?id=1itx	COUNT
1836191-45617102	MEDLINE_MeSH_CR	positive	6	1	http://dbmi-icode-01.dbmi.pitt.edu/l/index.php?id=1ity	COUNT
1836430-45611881	MEDLINE_MeSH_CR	positive	6	1	http://dbmi-icode-01.dbmi.pitt.edu/l/index.php?id=1itz	COUNT
836654-45618834	MEDLINE_MeSH_CR	positive	6	1	http://dbmi-icode-01.dbmi.pitt.edu/l/index.php?id=1iu0	COUNT
836654-45618025	MEDLINE_MeSH_CR	positive	6	2	http://dbmi-icode-01.dbmi.pitt.edu/l/index.php?id=1iu1	COUNT
19136423-45618843	MEDLINE_MeSH_CR	positive	6	1	http://dbmi-icode-01.dbmi.pitt.edu/l/index.php?id=1iu2	COUNT
1436650-45618828	MEDLINE_MeSH_CR	positive	6	1	http://dbmi-icode-01.dbmi.pitt.edu/l/index.php?id=1iu3	COUNT
1036525-45610671	MEDLINE_MeSH_CR	positive	6	1	http://dbmi-icode-01.dbmi.pitt.edu/l/index.php?id=1iu4	COUNT
1036667-45617726	MEDLINE_MeSH_CR	positive	6	1	http://dbmi-icode-01.dbmi.pitt.edu/l/index.php?id=1iu5	COUNT
1036667-45618818	MEDLINE_MeSH_CR	positive	6	1	http://dbmi-icode-01.dbmi.pitt.edu/l/index.php?id=1iu6	COUNT
1036667-45616712	MEDLINE_MeSH_CR	positive	6	1	http://dbmi-icode-01.dbmi.pitt.edu/l/index.php?id=1iu7	COUNT
1836391-45612868	MEDLINE_MeSH_CR	positive	6	2	http://dbmi-icode-01.dbmi.pitt.edu/l/index.php?id=1iu8	COUNT
1436650-45616580	MEDLINE_MeSH_CR	positive	6	1	http://dbmi-icode-01.dbmi.pitt.edu/l/index.php?id=1iu9	COUNT
1836430-45616580	MEDLINE_MeSH_CR	positive	6	1	http://dbmi-icode-01.dbmi.pitt.edu/l/index.php?id=1iua	COUNT
1836430-45616700	MEDLINE_MeSH_CR	positive	6	1	http://dbmi-icode-01.dbmi.pitt.edu/l/index.php?id=1iub	COUNT
19136187-45617726	MEDLINE_MeSH_CR	positive	6	1	http://dbmi-icode-01.dbmi.pitt.edu/l/index.php?id=1iuc	COUNT
19136187-45618818	MEDLINE_MeSH_CR	positive	6	1	http://dbmi-icode-01.dbmi.pitt.edu/l/index.php?id=1iud	COUNT
1036636-45614051	MEDLINE_MeSH_CR	positive	6	1	http://dbmi-icode-01.dbmi.pitt.edu/l/index.php?id=1iue	COUNT
1036636-45618843	MEDLINE_MeSH_CR	positive	6	1	http://dbmi-icode-01.dbmi.pitt.edu/l/index.php?id=1iuf	COUNT
19000820-45618843	MEDLINE_MeSH_CR	positive	6	1	http://dbmi-icode-01.dbmi.pitt.edu/l/index.php?id=1iug	COUNT
1036157-45615498	MEDLINE_MeSH_CR	positive	6	1	http://dbmi-icode-01.dbmi.pitt.edu/l/index.php?id=1iuh	COUNT
1036157-45617726	MEDLINE_MeSH_CR	positive	6	1	http://dbmi-icode-01.dbmi.pitt.edu/l/index.php?id=1iui	COUNT
1036157-45618818	MEDLINE_MeSH_CR	positive	6	1	http://dbmi-icode-01.dbmi.pitt.edu/l/index.php?id=1iuj	COUNT
19136247-45610671	MEDLINE_MeSH_CR	positive	6	2	http://dbmi-icode-01.dbmi.pitt.edu/l/index.php?id=1iuk	COUNT
1436650-45610705	MEDLINE_MeSH_CR	positive	6	1	http://dbmi-icode-01.dbmi.pitt.edu/l/index.php?id=1iul	COUNT
1036059-45614297	MEDLINE_MeSH_CR	positive	6	1	http://dbmi-icode-01.dbmi.pitt.edu/l/index.php?id=1ium	COUNT
19000820-45618025	MEDLINE_MeSH_CR	positive	6	1	http://dbmi-icode-01.dbmi.pitt.edu/l/index.php?id=1iun	COUNT
19000820-45614297	MEDLINE_MeSH_CR	positive	6	1	http://dbmi-icode-01.dbmi.pitt.edu/l/index.php?id=1iuo	COUNT
1036059-45618025	MEDLINE_MeSH_CR	positive	6	3	http://dbmi-icode-01.dbmi.pitt.edu/l/index.php?id=1iup	COUNT
1436650-45611881	MEDLINE_MeSH_CR	positive	6	1	http://dbmi-icode-01.dbmi.pitt.edu/l/index.php?id=1iuq	COUNT
1436678-45618828	MEDLINE_MeSH_CR	positive	6	1	http://dbmi-icode-01.dbmi.pitt.edu/l/index.php?id=1iur	COUNT
40226727-45618025	MEDLINE_MeSH_CR	positive	6	1	http://dbmi-icode-01.dbmi.pitt.edu/l/index.php?id=1ius	COUNT
19000815-45616700	MEDLINE_MeSH_CR	positive	6	1	http://dbmi-icode-01.dbmi.pitt.edu/l/index.php?id=1iut	COUNT
19000815-45617726	MEDLINE_MeSH_CR	positive	6	1	http://dbmi-icode-01.dbmi.pitt.edu/l/index.php?id=1iuu	COUNT
19000815-45618818	MEDLINE_MeSH_CR	positive	6	1	http://dbmi-icode-01.dbmi.pitt.edu/l/index.php?id=1iuv	COUNT
19000815-45611995	MEDLINE_MeSH_CR	positive	6	1	http://dbmi-icode-01.dbmi.pitt.edu/l/index.php?id=1iuw	COUNT
1836430-45612303	MEDLINE_MeSH_CR	positive	6	1	http://dbmi-icode-01.dbmi.pitt.edu/l/index.php?id=1iux	COUNT
1036600-45612868	MEDLINE_MeSH_CR	positive	6	1	http://dbmi-icode-01.dbmi.pitt.edu/l/index.php?id=1iuy	COUNT
19136626-45611644	MEDLINE_MeSH_CR	positive	6	8	http://dbmi-icode-01.dbmi.pitt.edu/l/index.php?id=1iuz	COUNT
19136626-45615891	MEDLINE_MeSH_CR	positive	6	5	http://dbmi-icode-01.dbmi.pitt.edu/l/index.php?id=1iv0	COUNT
1836430-45615891	MEDLINE_MeSH_CR	positive	6	1	http://dbmi-icode-01.dbmi.pitt.edu/l/index.php?id=1iv1	COUNT
19136210-45616712	MEDLINE_MeSH_CR	positive	6	1	http://dbmi-icode-01.dbmi.pitt.edu/l/index.php?id=1iv2	COUNT
1836241-45618843	MEDLINE_MeSH_CR	positive	6	1	http://dbmi-icode-01.dbmi.pitt.edu/l/index.php?id=1iv3	COUNT
836208-45612878	MEDLINE_MeSH_CR	positive	6	1	http://dbmi-icode-01.dbmi.pitt.edu/l/index.php?id=1iv4	COUNT
836208-45611644	MEDLINE_MeSH_CR	positive	6	7	http://dbmi-icode-01.dbmi.pitt.edu/l/index.php?id=1iv5	COUNT
836208-45617726	MEDLINE_MeSH_CR	positive	6	2	http://dbmi-icode-01.dbmi.pitt.edu/l/index.php?id=1iv6	COUNT
1836430-45614227	MEDLINE_MeSH_CR	positive	6	2	http://dbmi-icode-01.dbmi.pitt.edu/l/index.php?id=1iv7	COUNT
1836430-45618834	MEDLINE_MeSH_CR	positive	6	1	http://dbmi-icode-01.dbmi.pitt.edu/l/index.php?id=1iv8	COUNT
19136626-45611172	MEDLINE_MeSH_CR	positive	6	1	http://dbmi-icode-01.dbmi.pitt.edu/l/index.php?id=1iv9	COUNT
1836503-45618025	MEDLINE_MeSH_CR	positive	6	1	http://dbmi-icode-01.dbmi.pitt.edu/l/index.php?id=1iva	COUNT
1836430-45614051	MEDLINE_MeSH_CR	positive	6	1	http://dbmi-icode-01.dbmi.pitt.edu/l/index.php?id=1ivb	COUNT
1836430-45610671	MEDLINE_MeSH_CR	positive	6	1	http://dbmi-icode-01.dbmi.pitt.edu/l/index.php?id=1ivc	COUNT
19136187-45614227	MEDLINE_MeSH_CR	positive	6	2	http://dbmi-icode-01.dbmi.pitt.edu/l/index.php?id=1ivd	COUNT
836208-45612868	MEDLINE_MeSH_CR	positive	6	1	http://dbmi-icode-01.dbmi.pitt.edu/l/index.php?id=1ive	COUNT
1436678-45615891	MEDLINE_MeSH_CR	positive	6	3	http://dbmi-icode-01.dbmi.pitt.edu/l/index.php?id=1ivf	COUNT
19136247-45612868	MEDLINE_MeSH_CR	positive	6	1	http://dbmi-icode-01.dbmi.pitt.edu/l/index.php?id=1ivg	COUNT
1036228-45612868	MEDLINE_MeSH_CR	positive	6	1	http://dbmi-icode-01.dbmi.pitt.edu/l/index.php?id=1ivh	COUNT
1436678-45616700	MEDLINE_MeSH_CR	positive	6	2	http://dbmi-icode-01.dbmi.pitt.edu/l/index.php?id=1ivi	COUNT
40226579-45617814	MEDLINE_MeSH_CR	positive	6	1	http://dbmi-icode-01.dbmi.pitt.edu/l/index.php?id=1ivj	COUNT
40226579-45618025	MEDLINE_MeSH_CR	positive	6	2	http://dbmi-icode-01.dbmi.pitt.edu/l/index.php?id=1ivk	COUNT
40226579-45614051	MEDLINE_MeSH_CR	positive	6	2	http://dbmi-icode-01.dbmi.pitt.edu/l/index.php?id=1ivl	COUNT
40226579-45612024	MEDLINE_MeSH_CR	positive	6	1	http://dbmi-icode-01.dbmi.pitt.edu/l/index.php?id=1ivm	COUNT
1836391-45618025	MEDLINE_MeSH_CR	positive	6	2	http://dbmi-icode-01.dbmi.pitt.edu/l/index.php?id=1ivn	COUNT
1436650-45616715	MEDLINE_MeSH_CR	positive	6	1	http://dbmi-icode-01.dbmi.pitt.edu/l/index.php?id=1ivo	COUNT
1436650-45610405	MEDLINE_MeSH_CR	positive	6	1	http://dbmi-icode-01.dbmi.pitt.edu/l/index.php?id=1ivp	COUNT
1436650-45617032	MEDLINE_MeSH_CR	positive	6	1	http://dbmi-icode-01.dbmi.pitt.edu/l/index.php?id=1ivq	COUNT
1436650-45610671	MEDLINE_MeSH_CR	positive	6	1	http://dbmi-icode-01.dbmi.pitt.edu/l/index.php?id=1ivr	COUNT
40224678-45616580	MEDLINE_MeSH_CR	positive	6	1	http://dbmi-icode-01.dbmi.pitt.edu/l/index.php?id=1ivs	COUNT
40224678-45618025	MEDLINE_MeSH_CR	positive	6	1	http://dbmi-icode-01.dbmi.pitt.edu/l/index.php?id=1ivt	COUNT
40224678-45618834	MEDLINE_MeSH_CR	positive	6	1	http://dbmi-icode-01.dbmi.pitt.edu/l/index.php?id=1ivu	COUNT
1436678-45611995	MEDLINE_MeSH_CR	positive	6	1	http://dbmi-icode-01.dbmi.pitt.edu/l/index.php?id=1ivv	COUNT
1636145-45618025	MEDLINE_MeSH_CR	positive	6	1	http://dbmi-icode-01.dbmi.pitt.edu/l/index.php?id=1ivw	COUNT
19000818-45611644	MEDLINE_MeSH_CR	positive	6	1	http://dbmi-icode-01.dbmi.pitt.edu/l/index.php?id=1ivx	COUNT
19136187-45617814	MEDLINE_MeSH_CR	positive	6	1	http://dbmi-icode-01.dbmi.pitt.edu/l/index.php?id=1ivy	COUNT
1036525-45612024	MEDLINE_MeSH_CR	positive	6	1	http://dbmi-icode-01.dbmi.pitt.edu/l/index.php?id=1ivz	COUNT
1036525-45614051	MEDLINE_MeSH_CR	positive	6	1	http://dbmi-icode-01.dbmi.pitt.edu/l/index.php?id=1iw0	COUNT
1836191-45618843	MEDLINE_MeSH_CR	positive	6	1	http://dbmi-icode-01.dbmi.pitt.edu/l/index.php?id=1iw1	COUNT
1036059-45618843	MEDLINE_MeSH_CR	positive	6	1	http://dbmi-icode-01.dbmi.pitt.edu/l/index.php?id=1iw2	COUNT
1036059-45614051	MEDLINE_MeSH_CR	positive	6	1	http://dbmi-icode-01.dbmi.pitt.edu/l/index.php?id=1iw3	COUNT
1036667-45611644	MEDLINE_MeSH_CR	positive	6	2	http://dbmi-icode-01.dbmi.pitt.edu/l/index.php?id=1iw4	COUNT
1436650-45617102	MEDLINE_MeSH_CR	positive	6	1	http://dbmi-icode-01.dbmi.pitt.edu/l/index.php?id=1iw5	COUNT
1836503-45616715	MEDLINE_MeSH_CR	positive	6	1	http://dbmi-icode-01.dbmi.pitt.edu/l/index.php?id=1iw6	COUNT
19136429-45614051	MEDLINE_MeSH_CR	positive	6	1	http://dbmi-icode-01.dbmi.pitt.edu/l/index.php?id=1iw7	COUNT
1836430-45612024	MEDLINE_MeSH_CR	positive	6	1	http://dbmi-icode-01.dbmi.pitt.edu/l/index.php?id=1iw8	COUNT
40226579-45611644	MEDLINE_MeSH_CR	positive	6	1	http://dbmi-icode-01.dbmi.pitt.edu/l/index.php?id=1iw9	COUNT
1436650-45619051	MEDLINE_MeSH_CR	positive	6	1	http://dbmi-icode-01.dbmi.pitt.edu/l/index.php?id=1iwa	COUNT
1036525-45612868	MEDLINE_MeSH_CR	positive	6	1	http://dbmi-icode-01.dbmi.pitt.edu/l/index.php?id=1iwb	COUNT
19136626-45616580	MEDLINE_MeSH_CR	positive	6	1	http://dbmi-icode-01.dbmi.pitt.edu/l/index.php?id=1iwc	COUNT
1236607-45614396	MEDLINE_MeSH_CR	positive	6	1	http://dbmi-icode-01.dbmi.pitt.edu/l/index.php?id=1iwd	COUNT
1236607-45614227	MEDLINE_MeSH_CR	positive	6	1	http://dbmi-icode-01.dbmi.pitt.edu/l/index.php?id=1iwe	COUNT
1236607-45618025	MEDLINE_MeSH_CR	positive	6	1	http://dbmi-icode-01.dbmi.pitt.edu/l/index.php?id=1iwf	COUNT
1436650-45617814	MEDLINE_MeSH_CR	positive	6	1	http://dbmi-icode-01.dbmi.pitt.edu/l/index.php?id=1iwg	COUNT
1436678-45618818	MEDLINE_MeSH_CR	positive	6	1	http://dbmi-icode-01.dbmi.pitt.edu/l/index.php?id=1iwh	COUNT
1436678-45617726	MEDLINE_MeSH_CR	positive	6	1	http://dbmi-icode-01.dbmi.pitt.edu/l/index.php?id=1iwi	COUNT
1036157-45617102	MEDLINE_MeSH_CR	positive	6	1	http://dbmi-icode-01.dbmi.pitt.edu/l/index.php?id=1iwj	COUNT
1836430-45618818	MEDLINE_MeSH_CR	positive	6	1	http://dbmi-icode-01.dbmi.pitt.edu/l/index.php?id=1iwk	COUNT
1836430-45617726	MEDLINE_MeSH_CR	positive	6	1	http://dbmi-icode-01.dbmi.pitt.edu/l/index.php?id=1iwl	COUNT
1836430-45611624	MEDLINE_MeSH_CR	positive	6	1	http://dbmi-icode-01.dbmi.pitt.edu/l/index.php?id=1iwm	COUNT
1036475-45612878	MEDLINE_MeSH_CR	positive	6	1	http://dbmi-icode-01.dbmi.pitt.edu/l/index.php?id=1iwn	COUNT
1036475-45617726	MEDLINE_MeSH_CR	positive	6	1	http://dbmi-icode-01.dbmi.pitt.edu/l/index.php?id=1iwo	COUNT
19136187-45612024	MEDLINE_MeSH_CR	positive	6	1	http://dbmi-icode-01.dbmi.pitt.edu/l/index.php?id=1iwp	COUNT
1836430-45615391	MEDLINE_MeSH_CR	positive	6	1	http://dbmi-icode-01.dbmi.pitt.edu/l/index.php?id=1iwq	COUNT
1036667-45612303	MEDLINE_MeSH_CR	positive	6	1	http://dbmi-icode-01.dbmi.pitt.edu/l/index.php?id=1iwr	COUNT
1836241-45614051	MEDLINE_MeSH_CR	positive	6	1	http://dbmi-icode-01.dbmi.pitt.edu/l/index.php?id=1iws	COUNT
19136187-45618843	MEDLINE_MeSH_CR	positive	6	1	http://dbmi-icode-01.dbmi.pitt.edu/l/index.php?id=1iwt	COUNT
1436678-45613264	MEDLINE_MeSH_CR	positive	6	1	http://dbmi-icode-01.dbmi.pitt.edu/l/index.php?id=1iwu	COUNT
19136493-45614051	MEDLINE_MeSH_CR	positive	6	1	http://dbmi-icode-01.dbmi.pitt.edu/l/index.php?id=1iwv	COUNT
1236607-45614051	MEDLINE_MeSH_CR	positive	6	1	http://dbmi-icode-01.dbmi.pitt.edu/l/index.php?id=1iww	COUNT
1436169-45612024	MEDLINE_MeSH_CR	positive	6	1	http://dbmi-icode-01.dbmi.pitt.edu/l/index.php?id=1iwx	COUNT
1436169-45618025	MEDLINE_MeSH_CR	positive	6	2	http://dbmi-icode-01.dbmi.pitt.edu/l/index.php?id=1iwy	COUNT
1436169-45611644	MEDLINE_MeSH_CR	positive	6	3	http://dbmi-icode-01.dbmi.pitt.edu/l/index.php?id=1iwz	COUNT
40226579-45618843	MEDLINE_MeSH_CR	positive	6	1	http://dbmi-icode-01.dbmi.pitt.edu/l/index.php?id=1ix0	COUNT
1036059-45611644	MEDLINE_MeSH_CR	positive	6	1	http://dbmi-icode-01.dbmi.pitt.edu/l/index.php?id=1ix1	COUNT
1036059-45612888	MEDLINE_MeSH_CR	positive	6	1	http://dbmi-icode-01.dbmi.pitt.edu/l/index.php?id=1ix2	COUNT
1436678-45618843	MEDLINE_MeSH_CR	positive	6	1	http://dbmi-icode-01.dbmi.pitt.edu/l/index.php?id=1ix3	COUNT
1836391-45618843	MEDLINE_MeSH_CR	positive	6	1	http://dbmi-icode-01.dbmi.pitt.edu/l/index.php?id=1ix4	COUNT
1436678-45614051	MEDLINE_MeSH_CR	positive	6	1	http://dbmi-icode-01.dbmi.pitt.edu/l/index.php?id=1ix5	COUNT
19136654-45618843	MEDLINE_MeSH_CR	positive	6	1	http://dbmi-icode-01.dbmi.pitt.edu/l/index.php?id=1ix6	COUNT
1836391-45610405	MEDLINE_MeSH_CR	positive	6	1	http://dbmi-icode-01.dbmi.pitt.edu/l/index.php?id=1ix7	COUNT
1836430-45616715	MEDLINE_MeSH_CR	positive	6	2	http://dbmi-icode-01.dbmi.pitt.edu/l/index.php?id=1ix8	COUNT
1836430-45610405	MEDLINE_MeSH_CR	positive	6	1	http://dbmi-icode-01.dbmi.pitt.edu/l/index.php?id=1ix9	COUNT
1836391-45616715	MEDLINE_MeSH_CR	positive	6	1	http://dbmi-icode-01.dbmi.pitt.edu/l/index.php?id=1ixa	COUNT
19136626-45614227	MEDLINE_MeSH_CR	positive	6	1	http://dbmi-icode-01.dbmi.pitt.edu/l/index.php?id=1ixb	COUNT
19136493-45618025	MEDLINE_MeSH_CR	positive	6	1	http://dbmi-icode-01.dbmi.pitt.edu/l/index.php?id=1ixc	COUNT
1036157-45611644	MEDLINE_MeSH_CR	positive	6	3	http://dbmi-icode-01.dbmi.pitt.edu/l/index.php?id=1ixd	COUNT
1036157-45614297	MEDLINE_MeSH_CR	positive	6	1	http://dbmi-icode-01.dbmi.pitt.edu/l/index.php?id=1ixe	COUNT
19001477-45618843	MEDLINE_MeSH_CR	positive	6	1	http://dbmi-icode-01.dbmi.pitt.edu/l/index.php?id=1ixf	COUNT
19136429-45618843	MEDLINE_MeSH_CR	positive	6	1	http://dbmi-icode-01.dbmi.pitt.edu/l/index.php?id=1ixg	COUNT
19136651-45614051	MEDLINE_MeSH_CR	positive	6	1	http://dbmi-icode-01.dbmi.pitt.edu/l/index.php?id=1ixh	COUNT
19136651-45618025	MEDLINE_MeSH_CR	positive	6	2	http://dbmi-icode-01.dbmi.pitt.edu/l/index.php?id=1ixi	COUNT
1836241-45618025	MEDLINE_MeSH_CR	positive	6	1	http://dbmi-icode-01.dbmi.pitt.edu/l/index.php?id=1ixj	COUNT
1836391-45610671	MEDLINE_MeSH_CR	positive	6	1	http://dbmi-icode-01.dbmi.pitt.edu/l/index.php?id=1ixk	COUNT
19136210-45617726	MEDLINE_MeSH_CR	positive	6	1	http://dbmi-icode-01.dbmi.pitt.edu/l/index.php?id=1ixl	COUNT
19136210-45618818	MEDLINE_MeSH_CR	positive	6	1	http://dbmi-icode-01.dbmi.pitt.edu/l/index.php?id=1ixm	COUNT
1036228-45618818	MEDLINE_MeSH_CR	positive	6	1	http://dbmi-icode-01.dbmi.pitt.edu/l/index.php?id=1ixn	COUNT
19136247-45618818	MEDLINE_MeSH_CR	positive	6	1	http://dbmi-icode-01.dbmi.pitt.edu/l/index.php?id=1ixo	COUNT
1036252-45614051	MEDLINE_MeSH_CR	positive	6	1	http://dbmi-icode-01.dbmi.pitt.edu/l/index.php?id=1ixp	COUNT
1036252-45618025	MEDLINE_MeSH_CR	positive	6	1	http://dbmi-icode-01.dbmi.pitt.edu/l/index.php?id=1ixq	COUNT
1436678-45612024	MEDLINE_MeSH_CR	positive	6	3	http://dbmi-icode-01.dbmi.pitt.edu/l/index.php?id=1ixr	COUNT
1436678-45617814	MEDLINE_MeSH_CR	positive	6	1	http://dbmi-icode-01.dbmi.pitt.edu/l/index.php?id=1ixs	COUNT
1436678-45610405	MEDLINE_MeSH_CR	positive	6	1	http://dbmi-icode-01.dbmi.pitt.edu/l/index.php?id=1ixt	COUNT
1836191-45614051	MEDLINE_MeSH_CR	positive	6	1	http://dbmi-icode-01.dbmi.pitt.edu/l/index.php?id=1ixu	COUNT
19136187-45616700	MEDLINE_MeSH_CR	positive	6	1	http://dbmi-icode-01.dbmi.pitt.edu/l/index.php?id=1ixv	COUNT
836208-45613264	MEDLINE_MeSH_CR	positive	6	1	http://dbmi-icode-01.dbmi.pitt.edu/l/index.php?id=1ixw	COUNT
19136626-45614297	MEDLINE_MeSH_CR	positive	6	1	http://dbmi-icode-01.dbmi.pitt.edu/l/index.php?id=1ixx	COUNT
1836430-45619286	MEDLINE_MeSH_CR	positive	6	1	http://dbmi-icode-01.dbmi.pitt.edu/l/index.php?id=1ixy	COUNT
1836430-45611133	MEDLINE_MeSH_CR	positive	6	1	http://dbmi-icode-01.dbmi.pitt.edu/l/index.php?id=1ixz	COUNT
19136654-45618025	MEDLINE_MeSH_CR	positive	6	1	http://dbmi-icode-01.dbmi.pitt.edu/l/index.php?id=1iy0	COUNT
1036228-45610671	MEDLINE_MeSH_CR	positive	6	1	http://dbmi-icode-01.dbmi.pitt.edu/l/index.php?id=1iy1	COUNT
1436169-45610671	MEDLINE_MeSH_CR	positive	6	1	http://dbmi-icode-01.dbmi.pitt.edu/l/index.php?id=1iy2	COUNT
1036157-45618025	MEDLINE_MeSH_CR	positive	6	2	http://dbmi-icode-01.dbmi.pitt.edu/l/index.php?id=1iy3	COUNT
1036157-45614396	MEDLINE_MeSH_CR	positive	6	1	http://dbmi-icode-01.dbmi.pitt.edu/l/index.php?id=1iy4	COUNT
1836241-45614227	MEDLINE_MeSH_CR	positive	6	1	http://dbmi-icode-01.dbmi.pitt.edu/l/index.php?id=1iy5	COUNT
19000813-45612868	MEDLINE_MeSH_CR	positive	6	1	http://dbmi-icode-01.dbmi.pitt.edu/l/index.php?id=1iy6	COUNT
19136210-45616715	MEDLINE_MeSH_CR	positive	6	1	http://dbmi-icode-01.dbmi.pitt.edu/l/index.php?id=1iy7	COUNT
19136210-45610671	MEDLINE_MeSH_CR	positive	6	1	http://dbmi-icode-01.dbmi.pitt.edu/l/index.php?id=1iy8	COUNT
1436650-45615498	MEDLINE_MeSH_CR	positive	6	1	http://dbmi-icode-01.dbmi.pitt.edu/l/index.php?id=1iy9	COUNT
836208-45618025	MEDLINE_MeSH_CR	positive	6	4	http://dbmi-icode-01.dbmi.pitt.edu/l/index.php?id=1iya	COUNT
1036667-45612024	MEDLINE_MeSH_CR	positive	6	1	http://dbmi-icode-01.dbmi.pitt.edu/l/index.php?id=1iyb	COUNT
19000921-45616580	MEDLINE_MeSH_CR	positive	6	1	http://dbmi-icode-01.dbmi.pitt.edu/l/index.php?id=1iyc	COUNT
19000921-45618025	MEDLINE_MeSH_CR	positive	6	1	http://dbmi-icode-01.dbmi.pitt.edu/l/index.php?id=1iyd	COUNT
1436678-45616586	MEDLINE_MeSH_CR	positive	6	1	http://dbmi-icode-01.dbmi.pitt.edu/l/index.php?id=1iye	COUNT
1836503-45614227	MEDLINE_MeSH_CR	positive	6	1	http://dbmi-icode-01.dbmi.pitt.edu/l/index.php?id=1iyf	COUNT
836208-45614227	MEDLINE_MeSH_CR	positive	6	1	http://dbmi-icode-01.dbmi.pitt.edu/l/index.php?id=1iyg	COUNT
836208-45617814	MEDLINE_MeSH_CR	positive	6	1	http://dbmi-icode-01.dbmi.pitt.edu/l/index.php?id=1iyh	COUNT
1036600-45611644	MEDLINE_MeSH_CR	positive	6	1	http://dbmi-icode-01.dbmi.pitt.edu/l/index.php?id=1iyi	COUNT
1036157-45617814	MEDLINE_MeSH_CR	positive	6	1	http://dbmi-icode-01.dbmi.pitt.edu/l/index.php?id=1iyj	COUNT
1036425-45618843	MEDLINE_MeSH_CR	positive	6	1	http://dbmi-icode-01.dbmi.pitt.edu/l/index.php?id=1iyk	COUNT
1436678-45610705	MEDLINE_MeSH_CR	positive	6	1	http://dbmi-icode-01.dbmi.pitt.edu/l/index.php?id=1iyl	COUNT
19136247-45617814	MEDLINE_MeSH_CR	positive	6	1	http://dbmi-icode-01.dbmi.pitt.edu/l/index.php?id=1iym	COUNT
1836241-45611644	MEDLINE_MeSH_CR	positive	6	1	http://dbmi-icode-01.dbmi.pitt.edu/l/index.php?id=1iyn	COUNT
1836241-45611172	MEDLINE_MeSH_CR	positive	6	1	http://dbmi-icode-01.dbmi.pitt.edu/l/index.php?id=1iyo	COUNT
836208-45618818	MEDLINE_MeSH_CR	positive	6	1	http://dbmi-icode-01.dbmi.pitt.edu/l/index.php?id=1iyp	COUNT
836208-45610671	MEDLINE_MeSH_CR	positive	6	1	http://dbmi-icode-01.dbmi.pitt.edu/l/index.php?id=1iyq	COUNT
1436169-45616715	MEDLINE_MeSH_CR	positive	6	1	http://dbmi-icode-01.dbmi.pitt.edu/l/index.php?id=1iyr	COUNT
1436169-45616700	MEDLINE_MeSH_CR	positive	6	1	http://dbmi-icode-01.dbmi.pitt.edu/l/index.php?id=1iys	COUNT
1636145-45611881	MEDLINE_MeSH_CR	positive	6	1	http://dbmi-icode-01.dbmi.pitt.edu/l/index.php?id=1iyt	COUNT
1836410-45612024	MEDLINE_MeSH_CR	positive	6	1	http://dbmi-icode-01.dbmi.pitt.edu/l/index.php?id=1iyu	COUNT
1836410-45614227	MEDLINE_MeSH_CR	positive	6	1	http://dbmi-icode-01.dbmi.pitt.edu/l/index.php?id=1iyv	COUNT
1036667-45617814	MEDLINE_MeSH_CR	positive	6	1	http://dbmi-icode-01.dbmi.pitt.edu/l/index.php?id=1iyw	COUNT
19136187-45616580	MEDLINE_MeSH_CR	positive	6	1	http://dbmi-icode-01.dbmi.pitt.edu/l/index.php?id=1iyx	COUNT
19136210-45616700	MEDLINE_MeSH_CR	positive	6	1	http://dbmi-icode-01.dbmi.pitt.edu/l/index.php?id=1iyy	COUNT
1436169-45614051	MEDLINE_MeSH_CR	positive	6	1	http://dbmi-icode-01.dbmi.pitt.edu/l/index.php?id=1iyz	COUNT
1036667-45614297	MEDLINE_MeSH_CR	positive	6	1	http://dbmi-icode-01.dbmi.pitt.edu/l/index.php?id=1iz0	COUNT
1836391-45614051	MEDLINE_MeSH_CR	positive	6	1	http://dbmi-icode-01.dbmi.pitt.edu/l/index.php?id=1iz1	COUNT
19136187-45614297	MEDLINE_MeSH_CR	positive	6	1	http://dbmi-icode-01.dbmi.pitt.edu/l/index.php?id=1iz2	COUNT
19000826-45614227	MEDLINE_MeSH_CR	positive	6	1	http://dbmi-icode-01.dbmi.pitt.edu/l/index.php?id=1iz3	COUNT
1836430-45617102	MEDLINE_MeSH_CR	positive	6	1	http://dbmi-icode-01.dbmi.pitt.edu/l/index.php?id=1iz4	COUNT
19000818-45618843	MEDLINE_MeSH_CR	positive	6	1	http://dbmi-icode-01.dbmi.pitt.edu/l/index.php?id=1iz5	COUNT
40224234-45611644	MEDLINE_MeSH_CR	positive	6	1	http://dbmi-icode-01.dbmi.pitt.edu/l/index.php?id=1iz6	COUNT
1836430-45617814	MEDLINE_MeSH_CR	positive	6	1	http://dbmi-icode-01.dbmi.pitt.edu/l/index.php?id=1iz7	COUNT
1836503-45615891	MEDLINE_MeSH_CR	positive	6	1	http://dbmi-icode-01.dbmi.pitt.edu/l/index.php?id=1iz8	COUNT
1236607-45616700	MEDLINE_MeSH_CR	positive	6	1	http://dbmi-icode-01.dbmi.pitt.edu/l/index.php?id=1iz9	COUNT
1236607-45618843	MEDLINE_MeSH_CR	positive	6	1	http://dbmi-icode-01.dbmi.pitt.edu/l/index.php?id=1iza	COUNT
1836410-45611644	MEDLINE_MeSH_CR	positive	6	1	http://dbmi-icode-01.dbmi.pitt.edu/l/index.php?id=1izb	COUNT
1836410-45614267	MEDLINE_MeSH_CR	positive	6	1	http://dbmi-icode-01.dbmi.pitt.edu/l/index.php?id=1izc	COUNT
1436650-45614297	MEDLINE_MeSH_CR	positive	6	1	http://dbmi-icode-01.dbmi.pitt.edu/l/index.php?id=1izd	COUNT
836208-45614267	MEDLINE_MeSH_CR	positive	6	1	http://dbmi-icode-01.dbmi.pitt.edu/l/index.php?id=1ize	COUNT
19000819-45611644	MEDLINE_MeSH_CR	positive	6	1	http://dbmi-icode-01.dbmi.pitt.edu/l/index.php?id=1izf	COUNT
19000381-45614051	MEDLINE_MeSH_CR	positive	6	1	http://dbmi-icode-01.dbmi.pitt.edu/l/index.php?id=1izg	COUNT
19000381-45618843	MEDLINE_MeSH_CR	positive	6	1	http://dbmi-icode-01.dbmi.pitt.edu/l/index.php?id=1izh	COUNT
19000381-45614227	MEDLINE_MeSH_CR	positive	6	1	http://dbmi-icode-01.dbmi.pitt.edu/l/index.php?id=1izi	COUNT
19000381-45618025	MEDLINE_MeSH_CR	positive	6	1	http://dbmi-icode-01.dbmi.pitt.edu/l/index.php?id=1izj	COUNT
1036059-45611881	MEDLINE_MeSH_CR	positive	6	1	http://dbmi-icode-01.dbmi.pitt.edu/l/index.php?id=1izk	COUNT
1036157-45618843	MEDLINE_MeSH_CR	positive	6	1	http://dbmi-icode-01.dbmi.pitt.edu/l/index.php?id=1izl	COUNT
1436678-45611624	MEDLINE_MeSH_Other	positive	8	188	http://dbmi-icode-01.dbmi.pitt.edu/l/index.php?id=1izm	COUNT
1436678-45611644	MEDLINE_MeSH_Other	positive	8	68	http://dbmi-icode-01.dbmi.pitt.edu/l/index.php?id=1izn	COUNT
1436650-45616715	MEDLINE_MeSH_Other	positive	8	51	http://dbmi-icode-01.dbmi.pitt.edu/l/index.php?id=1izo	COUNT
1436650-45614051	MEDLINE_MeSH_Other	positive	8	190	http://dbmi-icode-01.dbmi.pitt.edu/l/index.php?id=1izp	COUNT
1436678-45618025	MEDLINE_MeSH_Other	positive	8	59	http://dbmi-icode-01.dbmi.pitt.edu/l/index.php?id=1izq	COUNT
1436650-45618843	MEDLINE_MeSH_Other	positive	8	48	http://dbmi-icode-01.dbmi.pitt.edu/l/index.php?id=1izr	COUNT
1436678-45618818	MEDLINE_MeSH_Other	positive	8	112	http://dbmi-icode-01.dbmi.pitt.edu/l/index.php?id=1izs	COUNT
1436678-45617726	MEDLINE_MeSH_Other	positive	8	143	http://dbmi-icode-01.dbmi.pitt.edu/l/index.php?id=1izt	COUNT
40226579-45611644	MEDLINE_MeSH_Other	positive	8	12	http://dbmi-icode-01.dbmi.pitt.edu/l/index.php?id=1izu	COUNT
40226579-45614051	MEDLINE_MeSH_Other	positive	8	20	http://dbmi-icode-01.dbmi.pitt.edu/l/index.php?id=1izv	COUNT
40226579-45612024	MEDLINE_MeSH_Other	positive	8	6	http://dbmi-icode-01.dbmi.pitt.edu/l/index.php?id=1izw	COUNT
40226579-45618025	MEDLINE_MeSH_Other	positive	8	20	http://dbmi-icode-01.dbmi.pitt.edu/l/index.php?id=1izx	COUNT
19136187-45611644	MEDLINE_MeSH_Other	positive	8	253	http://dbmi-icode-01.dbmi.pitt.edu/l/index.php?id=1izy	COUNT
1036059-45618843	MEDLINE_MeSH_Other	positive	8	2	http://dbmi-icode-01.dbmi.pitt.edu/l/index.php?id=1izz	COUNT
1436650-45618025	MEDLINE_MeSH_Other	positive	8	98	http://dbmi-icode-01.dbmi.pitt.edu/l/index.php?id=1j00	COUNT
1836430-45618843	MEDLINE_MeSH_Other	positive	8	31	http://dbmi-icode-01.dbmi.pitt.edu/l/index.php?id=1j01	COUNT
1836391-45614227	MEDLINE_MeSH_Other	positive	8	1	http://dbmi-icode-01.dbmi.pitt.edu/l/index.php?id=1j02	COUNT
1836391-45612868	MEDLINE_MeSH_Other	positive	8	18	http://dbmi-icode-01.dbmi.pitt.edu/l/index.php?id=1j03	COUNT
836208-45616580	MEDLINE_MeSH_Other	positive	8	4	http://dbmi-icode-01.dbmi.pitt.edu/l/index.php?id=1j04	COUNT
836208-45618025	MEDLINE_MeSH_Other	positive	8	192	http://dbmi-icode-01.dbmi.pitt.edu/l/index.php?id=1j05	COUNT
19136626-45616916	MEDLINE_MeSH_Other	positive	8	57	http://dbmi-icode-01.dbmi.pitt.edu/l/index.php?id=1j06	COUNT
1436650-45616580	MEDLINE_MeSH_Other	positive	8	5	http://dbmi-icode-01.dbmi.pitt.edu/l/index.php?id=1j07	COUNT
1836191-45618843	MEDLINE_MeSH_Other	positive	8	4	http://dbmi-icode-01.dbmi.pitt.edu/l/index.php?id=1j08	COUNT
1836191-45614051	MEDLINE_MeSH_Other	positive	8	4	http://dbmi-icode-01.dbmi.pitt.edu/l/index.php?id=1j09	COUNT
1836430-45618025	MEDLINE_MeSH_Other	positive	8	79	http://dbmi-icode-01.dbmi.pitt.edu/l/index.php?id=1j0a	COUNT
1436169-45616712	MEDLINE_MeSH_Other	positive	8	1	http://dbmi-icode-01.dbmi.pitt.edu/l/index.php?id=1j0b	COUNT
836208-45616916	MEDLINE_MeSH_Other	positive	8	4	http://dbmi-icode-01.dbmi.pitt.edu/l/index.php?id=1j0c	COUNT
836208-45611644	MEDLINE_MeSH_Other	positive	8	118	http://dbmi-icode-01.dbmi.pitt.edu/l/index.php?id=1j0d	COUNT
1036157-45618025	MEDLINE_MeSH_Other	positive	8	16	http://dbmi-icode-01.dbmi.pitt.edu/l/index.php?id=1j0e	COUNT
1036157-45614051	MEDLINE_MeSH_Other	positive	8	4	http://dbmi-icode-01.dbmi.pitt.edu/l/index.php?id=1j0f	COUNT
1436650-45611644	MEDLINE_MeSH_Other	positive	8	96	http://dbmi-icode-01.dbmi.pitt.edu/l/index.php?id=1j0g	COUNT
1436678-45618274	MEDLINE_MeSH_Other	positive	8	96	http://dbmi-icode-01.dbmi.pitt.edu/l/index.php?id=1j0h	COUNT
836208-45614227	MEDLINE_MeSH_Other	positive	8	11	http://dbmi-icode-01.dbmi.pitt.edu/l/index.php?id=1j0i	COUNT
1436678-45610705	MEDLINE_MeSH_Other	positive	8	7	http://dbmi-icode-01.dbmi.pitt.edu/l/index.php?id=1j0j	COUNT
1436650-45615391	MEDLINE_MeSH_Other	positive	8	2	http://dbmi-icode-01.dbmi.pitt.edu/l/index.php?id=1j0k	COUNT
1436650-45611690	MEDLINE_MeSH_Other	positive	8	2	http://dbmi-icode-01.dbmi.pitt.edu/l/index.php?id=1j0l	COUNT
1436650-45616700	MEDLINE_MeSH_Other	positive	8	119	http://dbmi-icode-01.dbmi.pitt.edu/l/index.php?id=1j0m	COUNT
1836410-45614227	MEDLINE_MeSH_Other	positive	8	3	http://dbmi-icode-01.dbmi.pitt.edu/l/index.php?id=1j0n	COUNT
1436650-45614396	MEDLINE_MeSH_Other	positive	8	10	http://dbmi-icode-01.dbmi.pitt.edu/l/index.php?id=1j0o	COUNT
1836191-45610671	MEDLINE_MeSH_Other	positive	8	1	http://dbmi-icode-01.dbmi.pitt.edu/l/index.php?id=1j0p	COUNT
1836191-45618025	MEDLINE_MeSH_Other	positive	8	29	http://dbmi-icode-01.dbmi.pitt.edu/l/index.php?id=1j0q	COUNT
1236607-45618025	MEDLINE_MeSH_Other	positive	8	18	http://dbmi-icode-01.dbmi.pitt.edu/l/index.php?id=1j0r	COUNT
1436678-45614396	MEDLINE_MeSH_Other	positive	8	18	http://dbmi-icode-01.dbmi.pitt.edu/l/index.php?id=1j0s	COUNT
19136626-45610405	MEDLINE_MeSH_Other	positive	8	2	http://dbmi-icode-01.dbmi.pitt.edu/l/index.php?id=1j0t	COUNT
19136626-45618025	MEDLINE_MeSH_Other	positive	8	84	http://dbmi-icode-01.dbmi.pitt.edu/l/index.php?id=1j0u	COUNT
1036157-45610405	MEDLINE_MeSH_Other	positive	8	1	http://dbmi-icode-01.dbmi.pitt.edu/l/index.php?id=1j0v	COUNT
1436169-45616700	MEDLINE_MeSH_Other	positive	8	10	http://dbmi-icode-01.dbmi.pitt.edu/l/index.php?id=1j0w	COUNT
1436169-45611644	MEDLINE_MeSH_Other	positive	8	44	http://dbmi-icode-01.dbmi.pitt.edu/l/index.php?id=1j0x	COUNT
19136187-45618025	MEDLINE_MeSH_Other	positive	8	65	http://dbmi-icode-01.dbmi.pitt.edu/l/index.php?id=1j0y	COUNT
1836391-45618025	MEDLINE_MeSH_Other	positive	8	34	http://dbmi-icode-01.dbmi.pitt.edu/l/index.php?id=1j0z	COUNT
19136187-45612888	MEDLINE_MeSH_Other	positive	8	28	http://dbmi-icode-01.dbmi.pitt.edu/l/index.php?id=1j10	COUNT
1836430-45614051	MEDLINE_MeSH_Other	positive	8	26	http://dbmi-icode-01.dbmi.pitt.edu/l/index.php?id=1j11	COUNT
1236607-45614051	MEDLINE_MeSH_Other	positive	8	18	http://dbmi-icode-01.dbmi.pitt.edu/l/index.php?id=1j12	COUNT
40226579-45612888	MEDLINE_MeSH_Other	positive	8	1	http://dbmi-icode-01.dbmi.pitt.edu/l/index.php?id=1j13	COUNT
40226579-45616580	MEDLINE_MeSH_Other	positive	8	1	http://dbmi-icode-01.dbmi.pitt.edu/l/index.php?id=1j14	COUNT
1436650-45618828	MEDLINE_MeSH_Other	positive	8	7	http://dbmi-icode-01.dbmi.pitt.edu/l/index.php?id=1j15	COUNT
1836430-45614227	MEDLINE_MeSH_Other	positive	8	22	http://dbmi-icode-01.dbmi.pitt.edu/l/index.php?id=1j16	COUNT
1036157-45611644	MEDLINE_MeSH_Other	positive	8	27	http://dbmi-icode-01.dbmi.pitt.edu/l/index.php?id=1j17	COUNT
1436678-45611881	MEDLINE_MeSH_Other	positive	8	4	http://dbmi-icode-01.dbmi.pitt.edu/l/index.php?id=1j18	COUNT
19136651-45611995	MEDLINE_MeSH_Other	positive	8	11	http://dbmi-icode-01.dbmi.pitt.edu/l/index.php?id=1j19	COUNT
1836191-45614227	MEDLINE_MeSH_Other	positive	8	3	http://dbmi-icode-01.dbmi.pitt.edu/l/index.php?id=1j1a	COUNT
836208-45616700	MEDLINE_MeSH_Other	positive	8	2	http://dbmi-icode-01.dbmi.pitt.edu/l/index.php?id=1j1b	COUNT
1036157-45611881	MEDLINE_MeSH_Other	positive	8	1	http://dbmi-icode-01.dbmi.pitt.edu/l/index.php?id=1j1c	COUNT
19136247-45611690	MEDLINE_MeSH_Other	positive	8	2	http://dbmi-icode-01.dbmi.pitt.edu/l/index.php?id=1j1d	COUNT
19136247-45614051	MEDLINE_MeSH_Other	positive	8	4	http://dbmi-icode-01.dbmi.pitt.edu/l/index.php?id=1j1e	COUNT
19136247-45618025	MEDLINE_MeSH_Other	positive	8	15	http://dbmi-icode-01.dbmi.pitt.edu/l/index.php?id=1j1f	COUNT
1436678-45614354	MEDLINE_MeSH_Other	positive	8	2	http://dbmi-icode-01.dbmi.pitt.edu/l/index.php?id=1j1g	COUNT
19136626-45611644	MEDLINE_MeSH_Other	positive	8	12	http://dbmi-icode-01.dbmi.pitt.edu/l/index.php?id=1j1h	COUNT
1836430-45616715	MEDLINE_MeSH_Other	positive	8	7	http://dbmi-icode-01.dbmi.pitt.edu/l/index.php?id=1j1i	COUNT
1836430-45616700	MEDLINE_MeSH_Other	positive	8	16	http://dbmi-icode-01.dbmi.pitt.edu/l/index.php?id=1j1j	COUNT
19136187-45610405	MEDLINE_MeSH_Other	positive	8	2	http://dbmi-icode-01.dbmi.pitt.edu/l/index.php?id=1j1k	COUNT
836654-45618834	MEDLINE_MeSH_Other	positive	8	6	http://dbmi-icode-01.dbmi.pitt.edu/l/index.php?id=1j1l	COUNT
836654-45618025	MEDLINE_MeSH_Other	positive	8	8	http://dbmi-icode-01.dbmi.pitt.edu/l/index.php?id=1j1m	COUNT
19136187-45618843	MEDLINE_MeSH_Other	positive	8	2	http://dbmi-icode-01.dbmi.pitt.edu/l/index.php?id=1j1n	COUNT
19136210-45617726	MEDLINE_MeSH_Other	positive	8	11	http://dbmi-icode-01.dbmi.pitt.edu/l/index.php?id=1j1o	COUNT
19136210-45618818	MEDLINE_MeSH_Other	positive	8	9	http://dbmi-icode-01.dbmi.pitt.edu/l/index.php?id=1j1p	COUNT
19136210-45615498	MEDLINE_MeSH_Other	positive	8	1	http://dbmi-icode-01.dbmi.pitt.edu/l/index.php?id=1j1q	COUNT
40226579-45617814	MEDLINE_MeSH_Other	positive	8	3	http://dbmi-icode-01.dbmi.pitt.edu/l/index.php?id=1j1r	COUNT
1036425-45618025	MEDLINE_MeSH_Other	positive	8	1	http://dbmi-icode-01.dbmi.pitt.edu/l/index.php?id=1j1s	COUNT
1036667-45612024	MEDLINE_MeSH_Other	positive	8	6	http://dbmi-icode-01.dbmi.pitt.edu/l/index.php?id=1j1t	COUNT
1036667-45618025	MEDLINE_MeSH_Other	positive	8	4	http://dbmi-icode-01.dbmi.pitt.edu/l/index.php?id=1j1u	COUNT
1436650-45617726	MEDLINE_MeSH_Other	positive	8	35	http://dbmi-icode-01.dbmi.pitt.edu/l/index.php?id=1j1v	COUNT
1436650-45618818	MEDLINE_MeSH_Other	positive	8	20	http://dbmi-icode-01.dbmi.pitt.edu/l/index.php?id=1j1w	COUNT
19136210-45614396	MEDLINE_MeSH_Other	positive	8	2	http://dbmi-icode-01.dbmi.pitt.edu/l/index.php?id=1j1x	COUNT
19001477-45611644	MEDLINE_MeSH_Other	positive	8	3	http://dbmi-icode-01.dbmi.pitt.edu/l/index.php?id=1j1y	COUNT
19001477-45618025	MEDLINE_MeSH_Other	positive	8	3	http://dbmi-icode-01.dbmi.pitt.edu/l/index.php?id=1j1z	COUNT
1036157-45614267	MEDLINE_MeSH_Other	positive	8	2	http://dbmi-icode-01.dbmi.pitt.edu/l/index.php?id=1j20	COUNT
1036157-45614297	MEDLINE_MeSH_Other	positive	8	2	http://dbmi-icode-01.dbmi.pitt.edu/l/index.php?id=1j21	COUNT
1436650-45614227	MEDLINE_MeSH_Other	positive	8	30	http://dbmi-icode-01.dbmi.pitt.edu/l/index.php?id=1j22	COUNT
1436678-45612024	MEDLINE_MeSH_Other	positive	8	28	http://dbmi-icode-01.dbmi.pitt.edu/l/index.php?id=1j23	COUNT
836208-45610671	MEDLINE_MeSH_Other	positive	8	2	http://dbmi-icode-01.dbmi.pitt.edu/l/index.php?id=1j24	COUNT
1436650-45611881	MEDLINE_MeSH_Other	positive	8	10	http://dbmi-icode-01.dbmi.pitt.edu/l/index.php?id=1j25	COUNT
1036157-45612888	MEDLINE_MeSH_Other	positive	8	2	http://dbmi-icode-01.dbmi.pitt.edu/l/index.php?id=1j26	COUNT
1436650-45614297	MEDLINE_MeSH_Other	positive	8	26	http://dbmi-icode-01.dbmi.pitt.edu/l/index.php?id=1j27	COUNT
836208-45614421	MEDLINE_MeSH_Other	positive	8	15	http://dbmi-icode-01.dbmi.pitt.edu/l/index.php?id=1j28	COUNT
1436678-45618843	MEDLINE_MeSH_Other	positive	8	6	http://dbmi-icode-01.dbmi.pitt.edu/l/index.php?id=1j29	COUNT
1036667-45611644	MEDLINE_MeSH_Other	positive	8	6	http://dbmi-icode-01.dbmi.pitt.edu/l/index.php?id=1j2a	COUNT
1836391-45611644	MEDLINE_MeSH_Other	positive	8	3	http://dbmi-icode-01.dbmi.pitt.edu/l/index.php?id=1j2b	COUNT
19136247-45611644	MEDLINE_MeSH_Other	positive	8	6	http://dbmi-icode-01.dbmi.pitt.edu/l/index.php?id=1j2c	COUNT
19136651-45618025	MEDLINE_MeSH_Other	positive	8	7	http://dbmi-icode-01.dbmi.pitt.edu/l/index.php?id=1j2d	COUNT
19136187-45614051	MEDLINE_MeSH_Other	positive	8	10	http://dbmi-icode-01.dbmi.pitt.edu/l/index.php?id=1j2e	COUNT
1436678-45611995	MEDLINE_MeSH_Other	positive	8	11	http://dbmi-icode-01.dbmi.pitt.edu/l/index.php?id=1j2f	COUNT
1436650-45610671	MEDLINE_MeSH_Other	positive	8	20	http://dbmi-icode-01.dbmi.pitt.edu/l/index.php?id=1j2g	COUNT
1836430-45611644	MEDLINE_MeSH_Other	positive	8	33	http://dbmi-icode-01.dbmi.pitt.edu/l/index.php?id=1j2h	COUNT
1036157-45617814	MEDLINE_MeSH_Other	positive	8	3	http://dbmi-icode-01.dbmi.pitt.edu/l/index.php?id=1j2i	COUNT
1436650-45611995	MEDLINE_MeSH_Other	positive	8	2	http://dbmi-icode-01.dbmi.pitt.edu/l/index.php?id=1j2j	COUNT
1236493-45611644	MEDLINE_MeSH_Other	positive	8	10	http://dbmi-icode-01.dbmi.pitt.edu/l/index.php?id=1j2k	COUNT
1236493-45617814	MEDLINE_MeSH_Other	positive	8	1	http://dbmi-icode-01.dbmi.pitt.edu/l/index.php?id=1j2l	COUNT
1236493-45614267	MEDLINE_MeSH_Other	positive	8	1	http://dbmi-icode-01.dbmi.pitt.edu/l/index.php?id=1j2m	COUNT
1436678-45615498	MEDLINE_MeSH_Other	positive	8	6	http://dbmi-icode-01.dbmi.pitt.edu/l/index.php?id=1j2n	COUNT
1436678-45611690	MEDLINE_MeSH_Other	positive	8	1	http://dbmi-icode-01.dbmi.pitt.edu/l/index.php?id=1j2o	COUNT
1036059-45611644	MEDLINE_MeSH_Other	positive	8	4	http://dbmi-icode-01.dbmi.pitt.edu/l/index.php?id=1j2p	COUNT
1036059-45618025	MEDLINE_MeSH_Other	positive	8	5	http://dbmi-icode-01.dbmi.pitt.edu/l/index.php?id=1j2q	COUNT
836208-45615891	MEDLINE_MeSH_Other	positive	8	1	http://dbmi-icode-01.dbmi.pitt.edu/l/index.php?id=1j2r	COUNT
1236493-45616700	MEDLINE_MeSH_Other	positive	8	1	http://dbmi-icode-01.dbmi.pitt.edu/l/index.php?id=1j2s	COUNT
1436650-45619430	MEDLINE_MeSH_Other	positive	8	13	http://dbmi-icode-01.dbmi.pitt.edu/l/index.php?id=1j2t	COUNT
1236607-45618843	MEDLINE_MeSH_Other	positive	8	8	http://dbmi-icode-01.dbmi.pitt.edu/l/index.php?id=1j2u	COUNT
1636145-45611644	MEDLINE_MeSH_Other	positive	8	8	http://dbmi-icode-01.dbmi.pitt.edu/l/index.php?id=1j2v	COUNT
19136187-45614227	MEDLINE_MeSH_Other	positive	8	3	http://dbmi-icode-01.dbmi.pitt.edu/l/index.php?id=1j2w	COUNT
1836430-45616580	MEDLINE_MeSH_Other	positive	8	5	http://dbmi-icode-01.dbmi.pitt.edu/l/index.php?id=1j2x	COUNT
19000820-45618025	MEDLINE_MeSH_Other	positive	8	2	http://dbmi-icode-01.dbmi.pitt.edu/l/index.php?id=1j2y	COUNT
1836503-45618025	MEDLINE_MeSH_Other	positive	8	1	http://dbmi-icode-01.dbmi.pitt.edu/l/index.php?id=1j2z	COUNT
1436650-45610705	MEDLINE_MeSH_Other	positive	8	1	http://dbmi-icode-01.dbmi.pitt.edu/l/index.php?id=1j30	COUNT
1436650-45616712	MEDLINE_MeSH_Other	positive	8	3	http://dbmi-icode-01.dbmi.pitt.edu/l/index.php?id=1j31	COUNT
1436678-45618828	MEDLINE_MeSH_Other	positive	8	4	http://dbmi-icode-01.dbmi.pitt.edu/l/index.php?id=1j32	COUNT
1836430-45612024	MEDLINE_MeSH_Other	positive	8	2	http://dbmi-icode-01.dbmi.pitt.edu/l/index.php?id=1j33	COUNT
1636145-45618025	MEDLINE_MeSH_Other	positive	8	4	http://dbmi-icode-01.dbmi.pitt.edu/l/index.php?id=1j34	COUNT
1636145-45612024	MEDLINE_MeSH_Other	positive	8	1	http://dbmi-icode-01.dbmi.pitt.edu/l/index.php?id=1j35	COUNT
836208-45614051	MEDLINE_MeSH_Other	positive	8	5	http://dbmi-icode-01.dbmi.pitt.edu/l/index.php?id=1j36	COUNT
836208-45614297	MEDLINE_MeSH_Other	positive	8	2	http://dbmi-icode-01.dbmi.pitt.edu/l/index.php?id=1j37	COUNT
1836430-45610671	MEDLINE_MeSH_Other	positive	8	8	http://dbmi-icode-01.dbmi.pitt.edu/l/index.php?id=1j38	COUNT
1836410-45618025	MEDLINE_MeSH_Other	positive	8	7	http://dbmi-icode-01.dbmi.pitt.edu/l/index.php?id=1j39	COUNT
1436650-45614267	MEDLINE_MeSH_Other	positive	8	1	http://dbmi-icode-01.dbmi.pitt.edu/l/index.php?id=1j3a	COUNT
1436650-45615891	MEDLINE_MeSH_Other	positive	8	1	http://dbmi-icode-01.dbmi.pitt.edu/l/index.php?id=1j3b	COUNT
1836391-45616580	MEDLINE_MeSH_Other	positive	8	1	http://dbmi-icode-01.dbmi.pitt.edu/l/index.php?id=1j3c	COUNT
1036667-45614297	MEDLINE_MeSH_Other	positive	8	3	http://dbmi-icode-01.dbmi.pitt.edu/l/index.php?id=1j3d	COUNT
1836410-45618843	MEDLINE_MeSH_Other	positive	8	7	http://dbmi-icode-01.dbmi.pitt.edu/l/index.php?id=1j3e	COUNT
1436650-45619051	MEDLINE_MeSH_Other	positive	8	1	http://dbmi-icode-01.dbmi.pitt.edu/l/index.php?id=1j3f	COUNT
1836430-45610405	MEDLINE_MeSH_Other	positive	8	1	http://dbmi-icode-01.dbmi.pitt.edu/l/index.php?id=1j3g	COUNT
1836430-45615468	MEDLINE_MeSH_Other	positive	8	1	http://dbmi-icode-01.dbmi.pitt.edu/l/index.php?id=1j3h	COUNT
1836430-45617814	MEDLINE_MeSH_Other	positive	8	1	http://dbmi-icode-01.dbmi.pitt.edu/l/index.php?id=1j3i	COUNT
1436650-45615498	MEDLINE_MeSH_Other	positive	8	7	http://dbmi-icode-01.dbmi.pitt.edu/l/index.php?id=1j3j	COUNT
1836391-45618843	MEDLINE_MeSH_Other	positive	8	3	http://dbmi-icode-01.dbmi.pitt.edu/l/index.php?id=1j3k	COUNT
19136493-45614051	MEDLINE_MeSH_Other	positive	8	2	http://dbmi-icode-01.dbmi.pitt.edu/l/index.php?id=1j3l	COUNT
1836191-45611644	MEDLINE_MeSH_Other	positive	8	4	http://dbmi-icode-01.dbmi.pitt.edu/l/index.php?id=1j3m	COUNT
1436678-45616712	MEDLINE_MeSH_Other	positive	8	5	http://dbmi-icode-01.dbmi.pitt.edu/l/index.php?id=1j3n	COUNT
1836430-45614396	MEDLINE_MeSH_Other	positive	8	4	http://dbmi-icode-01.dbmi.pitt.edu/l/index.php?id=1j3o	COUNT
19000813-45618025	MEDLINE_MeSH_Other	positive	8	3	http://dbmi-icode-01.dbmi.pitt.edu/l/index.php?id=1j3p	COUNT
1036157-45615891	MEDLINE_MeSH_Other	positive	8	2	http://dbmi-icode-01.dbmi.pitt.edu/l/index.php?id=1j3q	COUNT
19136247-45618843	MEDLINE_MeSH_Other	positive	8	4	http://dbmi-icode-01.dbmi.pitt.edu/l/index.php?id=1j3r	COUNT
1436650-45612024	MEDLINE_MeSH_Other	positive	8	3	http://dbmi-icode-01.dbmi.pitt.edu/l/index.php?id=1j3s	COUNT
19136654-45618025	MEDLINE_MeSH_Other	positive	8	1	http://dbmi-icode-01.dbmi.pitt.edu/l/index.php?id=1j3t	COUNT
19136187-45612024	MEDLINE_MeSH_Other	positive	8	3	http://dbmi-icode-01.dbmi.pitt.edu/l/index.php?id=1j3u	COUNT
1036636-45618025	MEDLINE_MeSH_Other	positive	8	2	http://dbmi-icode-01.dbmi.pitt.edu/l/index.php?id=1j3v	COUNT
1836430-45618818	MEDLINE_MeSH_Other	positive	8	1	http://dbmi-icode-01.dbmi.pitt.edu/l/index.php?id=1j3w	COUNT
1836430-45617726	MEDLINE_MeSH_Other	positive	8	4	http://dbmi-icode-01.dbmi.pitt.edu/l/index.php?id=1j3x	COUNT
19136247-45614396	MEDLINE_MeSH_Other	positive	8	3	http://dbmi-icode-01.dbmi.pitt.edu/l/index.php?id=1j3y	COUNT
1436650-45612878	MEDLINE_MeSH_Other	positive	8	8	http://dbmi-icode-01.dbmi.pitt.edu/l/index.php?id=1j3z	COUNT
19136187-45617726	MEDLINE_MeSH_Other	positive	8	1	http://dbmi-icode-01.dbmi.pitt.edu/l/index.php?id=1j40	COUNT
19136187-45618818	MEDLINE_MeSH_Other	positive	8	1	http://dbmi-icode-01.dbmi.pitt.edu/l/index.php?id=1j41	COUNT
1436650-45617814	MEDLINE_MeSH_Other	positive	8	1	http://dbmi-icode-01.dbmi.pitt.edu/l/index.php?id=1j42	COUNT
1436678-45616700	MEDLINE_MeSH_Other	positive	8	4	http://dbmi-icode-01.dbmi.pitt.edu/l/index.php?id=1j43	COUNT
1236607-45614227	MEDLINE_MeSH_Other	positive	8	3	http://dbmi-icode-01.dbmi.pitt.edu/l/index.php?id=1j44	COUNT
19136626-45614297	MEDLINE_MeSH_Other	positive	8	2	http://dbmi-icode-01.dbmi.pitt.edu/l/index.php?id=1j45	COUNT
1436650-45610405	MEDLINE_MeSH_Other	positive	8	3	http://dbmi-icode-01.dbmi.pitt.edu/l/index.php?id=1j46	COUNT
836208-45612868	MEDLINE_MeSH_Other	positive	8	1	http://dbmi-icode-01.dbmi.pitt.edu/l/index.php?id=1j47	COUNT
19136210-45611644	MEDLINE_MeSH_Other	positive	8	1	http://dbmi-icode-01.dbmi.pitt.edu/l/index.php?id=1j48	COUNT
836654-45616580	MEDLINE_MeSH_Other	positive	8	2	http://dbmi-icode-01.dbmi.pitt.edu/l/index.php?id=1j49	COUNT
19136651-45617726	MEDLINE_MeSH_Other	positive	8	3	http://dbmi-icode-01.dbmi.pitt.edu/l/index.php?id=1j4a	COUNT
19136651-45618818	MEDLINE_MeSH_Other	positive	8	1	http://dbmi-icode-01.dbmi.pitt.edu/l/index.php?id=1j4b	COUNT
1836503-45618843	MEDLINE_MeSH_Other	positive	8	1	http://dbmi-icode-01.dbmi.pitt.edu/l/index.php?id=1j4c	COUNT
1036667-45619286	MEDLINE_MeSH_Other	positive	8	1	http://dbmi-icode-01.dbmi.pitt.edu/l/index.php?id=1j4d	COUNT
1036667-45611133	MEDLINE_MeSH_Other	positive	8	1	http://dbmi-icode-01.dbmi.pitt.edu/l/index.php?id=1j4e	COUNT
1036157-45618843	MEDLINE_MeSH_Other	positive	8	1	http://dbmi-icode-01.dbmi.pitt.edu/l/index.php?id=1j4f	COUNT
1836430-45616712	MEDLINE_MeSH_Other	positive	8	3	http://dbmi-icode-01.dbmi.pitt.edu/l/index.php?id=1j4g	COUNT
19136626-45618843	MEDLINE_MeSH_Other	positive	8	1	http://dbmi-icode-01.dbmi.pitt.edu/l/index.php?id=1j4h	COUNT
19000820-45614227	MEDLINE_MeSH_Other	positive	8	1	http://dbmi-icode-01.dbmi.pitt.edu/l/index.php?id=1j4i	COUNT
1036059-45614227	MEDLINE_MeSH_Other	positive	8	1	http://dbmi-icode-01.dbmi.pitt.edu/l/index.php?id=1j4j	COUNT
19000813-45611644	MEDLINE_MeSH_Other	positive	8	3	http://dbmi-icode-01.dbmi.pitt.edu/l/index.php?id=1j4k	COUNT
19136210-45614227	MEDLINE_MeSH_Other	positive	8	2	http://dbmi-icode-01.dbmi.pitt.edu/l/index.php?id=1j4l	COUNT
1436678-45614227	MEDLINE_MeSH_Other	positive	8	1	http://dbmi-icode-01.dbmi.pitt.edu/l/index.php?id=1j4m	COUNT
1036667-45614227	MEDLINE_MeSH_Other	positive	8	1	http://dbmi-icode-01.dbmi.pitt.edu/l/index.php?id=1j4n	COUNT
1836191-45612888	MEDLINE_MeSH_Other	positive	8	1	http://dbmi-icode-01.dbmi.pitt.edu/l/index.php?id=1j4o	COUNT
1236607-45619654	MEDLINE_MeSH_Other	positive	8	1	http://dbmi-icode-01.dbmi.pitt.edu/l/index.php?id=1j4p	COUNT
19000921-45618025	MEDLINE_MeSH_Other	positive	8	5	http://dbmi-icode-01.dbmi.pitt.edu/l/index.php?id=1j4q	COUNT
19000921-45616580	MEDLINE_MeSH_Other	positive	8	5	http://dbmi-icode-01.dbmi.pitt.edu/l/index.php?id=1j4r	COUNT
19000921-45616660	MEDLINE_MeSH_Other	positive	8	1	http://dbmi-icode-01.dbmi.pitt.edu/l/index.php?id=1j4s	COUNT
19136642-45611624	MEDLINE_MeSH_Other	positive	8	1	http://dbmi-icode-01.dbmi.pitt.edu/l/index.php?id=1j4t	COUNT
19136247-45616660	MEDLINE_MeSH_Other	positive	8	1	http://dbmi-icode-01.dbmi.pitt.edu/l/index.php?id=1j4u	COUNT
19136626-45611690	MEDLINE_MeSH_Other	positive	8	1	http://dbmi-icode-01.dbmi.pitt.edu/l/index.php?id=1j4v	COUNT
1436169-45618025	MEDLINE_MeSH_Other	positive	8	7	http://dbmi-icode-01.dbmi.pitt.edu/l/index.php?id=1j4w	COUNT
1836241-45611644	MEDLINE_MeSH_Other	positive	8	2	http://dbmi-icode-01.dbmi.pitt.edu/l/index.php?id=1j4x	COUNT
40224678-45618025	MEDLINE_MeSH_Other	positive	8	1	http://dbmi-icode-01.dbmi.pitt.edu/l/index.php?id=1j4y	COUNT
1436650-45614421	MEDLINE_MeSH_Other	positive	8	1	http://dbmi-icode-01.dbmi.pitt.edu/l/index.php?id=1j4z	COUNT
19136210-45618025	MEDLINE_MeSH_Other	positive	8	1	http://dbmi-icode-01.dbmi.pitt.edu/l/index.php?id=1j50	COUNT
1036525-45612868	MEDLINE_MeSH_Other	positive	8	1	http://dbmi-icode-01.dbmi.pitt.edu/l/index.php?id=1j51	COUNT
1436678-45614051	MEDLINE_MeSH_Other	positive	8	2	http://dbmi-icode-01.dbmi.pitt.edu/l/index.php?id=1j52	COUNT
1436169-45611624	MEDLINE_MeSH_Other	positive	8	1	http://dbmi-icode-01.dbmi.pitt.edu/l/index.php?id=1j53	COUNT
1836430-45611690	MEDLINE_MeSH_Other	positive	8	2	http://dbmi-icode-01.dbmi.pitt.edu/l/index.php?id=1j54	COUNT
1436678-45617814	MEDLINE_MeSH_Other	positive	8	3	http://dbmi-icode-01.dbmi.pitt.edu/l/index.php?id=1j55	COUNT
1836410-45614396	MEDLINE_MeSH_Other	positive	8	2	http://dbmi-icode-01.dbmi.pitt.edu/l/index.php?id=1j56	COUNT
19136642-45611644	MEDLINE_MeSH_Other	positive	8	1	http://dbmi-icode-01.dbmi.pitt.edu/l/index.php?id=1j57	COUNT
19136642-45614297	MEDLINE_MeSH_Other	positive	8	1	http://dbmi-icode-01.dbmi.pitt.edu/l/index.php?id=1j58	COUNT
19136642-45618025	MEDLINE_MeSH_Other	positive	8	1	http://dbmi-icode-01.dbmi.pitt.edu/l/index.php?id=1j59	COUNT
19136187-45616580	MEDLINE_MeSH_Other	positive	8	1	http://dbmi-icode-01.dbmi.pitt.edu/l/index.php?id=1j5a	COUNT
19136654-45618843	MEDLINE_MeSH_Other	positive	8	2	http://dbmi-icode-01.dbmi.pitt.edu/l/index.php?id=1j5b	COUNT
19136654-45614051	MEDLINE_MeSH_Other	positive	8	1	http://dbmi-icode-01.dbmi.pitt.edu/l/index.php?id=1j5c	COUNT
19136626-45611881	MEDLINE_MeSH_Other	positive	8	2	http://dbmi-icode-01.dbmi.pitt.edu/l/index.php?id=1j5d	COUNT
1036157-45614396	MEDLINE_MeSH_Other	positive	8	1	http://dbmi-icode-01.dbmi.pitt.edu/l/index.php?id=1j5e	COUNT
19136247-45617814	MEDLINE_MeSH_Other	positive	8	2	http://dbmi-icode-01.dbmi.pitt.edu/l/index.php?id=1j5f	COUNT
1436169-45612888	MEDLINE_MeSH_Other	positive	8	1	http://dbmi-icode-01.dbmi.pitt.edu/l/index.php?id=1j5g	COUNT
1036525-45611644	MEDLINE_MeSH_Other	positive	8	2	http://dbmi-icode-01.dbmi.pitt.edu/l/index.php?id=1j5h	COUNT
40226579-45614297	MEDLINE_MeSH_Other	positive	8	2	http://dbmi-icode-01.dbmi.pitt.edu/l/index.php?id=1j5i	COUNT
40226579-45614267	MEDLINE_MeSH_Other	positive	8	1	http://dbmi-icode-01.dbmi.pitt.edu/l/index.php?id=1j5j	COUNT
40226579-45617032	MEDLINE_MeSH_Other	positive	8	1	http://dbmi-icode-01.dbmi.pitt.edu/l/index.php?id=1j5k	COUNT
1436678-45610405	MEDLINE_MeSH_Other	positive	8	3	http://dbmi-icode-01.dbmi.pitt.edu/l/index.php?id=1j5l	COUNT
19000815-45618828	MEDLINE_MeSH_Other	positive	8	1	http://dbmi-icode-01.dbmi.pitt.edu/l/index.php?id=1j5m	COUNT
1036228-45614051	MEDLINE_MeSH_Other	positive	8	1	http://dbmi-icode-01.dbmi.pitt.edu/l/index.php?id=1j5n	COUNT
1836241-45618843	MEDLINE_MeSH_Other	positive	8	3	http://dbmi-icode-01.dbmi.pitt.edu/l/index.php?id=1j5o	COUNT
836208-45614396	MEDLINE_MeSH_Other	positive	8	1	http://dbmi-icode-01.dbmi.pitt.edu/l/index.php?id=1j5p	COUNT
19136626-45614396	MEDLINE_MeSH_Other	positive	8	1	http://dbmi-icode-01.dbmi.pitt.edu/l/index.php?id=1j5q	COUNT
19136626-45616715	MEDLINE_MeSH_Other	positive	8	1	http://dbmi-icode-01.dbmi.pitt.edu/l/index.php?id=1j5r	COUNT
1036252-45614051	MEDLINE_MeSH_Other	positive	8	1	http://dbmi-icode-01.dbmi.pitt.edu/l/index.php?id=1j5s	COUNT
1036059-45614051	MEDLINE_MeSH_Other	positive	8	1	http://dbmi-icode-01.dbmi.pitt.edu/l/index.php?id=1j5t	COUNT
1236607-45611644	MEDLINE_MeSH_Other	positive	8	2	http://dbmi-icode-01.dbmi.pitt.edu/l/index.php?id=1j5u	COUNT
1836241-45614051	MEDLINE_MeSH_Other	positive	8	4	http://dbmi-icode-01.dbmi.pitt.edu/l/index.php?id=1j5v	COUNT
1836241-45610671	MEDLINE_MeSH_Other	positive	8	1	http://dbmi-icode-01.dbmi.pitt.edu/l/index.php?id=1j5w	COUNT
1836391-45616715	MEDLINE_MeSH_Other	positive	8	1	http://dbmi-icode-01.dbmi.pitt.edu/l/index.php?id=1j5x	COUNT
19136187-45611690	MEDLINE_MeSH_Other	positive	8	1	http://dbmi-icode-01.dbmi.pitt.edu/l/index.php?id=1j5y	COUNT
19136187-45615706	MEDLINE_MeSH_Other	positive	8	1	http://dbmi-icode-01.dbmi.pitt.edu/l/index.php?id=1j5z	COUNT
19000815-45618025	MEDLINE_MeSH_Other	positive	8	1	http://dbmi-icode-01.dbmi.pitt.edu/l/index.php?id=1j60	COUNT
1036600-45611644	MEDLINE_MeSH_Other	positive	8	1	http://dbmi-icode-01.dbmi.pitt.edu/l/index.php?id=1j61	COUNT
40226579-45610705	MEDLINE_MeSH_Other	positive	8	1	http://dbmi-icode-01.dbmi.pitt.edu/l/index.php?id=1j62	COUNT
19136493-45618025	MEDLINE_MeSH_Other	positive	8	1	http://dbmi-icode-01.dbmi.pitt.edu/l/index.php?id=1j63	COUNT
1636145-45614297	MEDLINE_MeSH_Other	positive	8	1	http://dbmi-icode-01.dbmi.pitt.edu/l/index.php?id=1j64	COUNT
1436678-45615468	MEDLINE_MeSH_Other	positive	8	1	http://dbmi-icode-01.dbmi.pitt.edu/l/index.php?id=1j65	COUNT
1836391-45612024	MEDLINE_MeSH_Other	positive	8	2	http://dbmi-icode-01.dbmi.pitt.edu/l/index.php?id=1j66	COUNT
19136210-45616712	MEDLINE_MeSH_Other	positive	8	1	http://dbmi-icode-01.dbmi.pitt.edu/l/index.php?id=1j67	COUNT
836208-45611690	MEDLINE_MeSH_Other	positive	8	2	http://dbmi-icode-01.dbmi.pitt.edu/l/index.php?id=1j68	COUNT
19001477-45616580	MEDLINE_MeSH_Other	positive	8	1	http://dbmi-icode-01.dbmi.pitt.edu/l/index.php?id=1j69	COUNT
1036157-45614421	MEDLINE_MeSH_Other	positive	8	1	http://dbmi-icode-01.dbmi.pitt.edu/l/index.php?id=1j6a	COUNT
1436678-45610671	MEDLINE_MeSH_Other	positive	8	1	http://dbmi-icode-01.dbmi.pitt.edu/l/index.php?id=1j6b	COUNT
1236607-45614354	MEDLINE_MeSH_Other	positive	8	1	http://dbmi-icode-01.dbmi.pitt.edu/l/index.php?id=1j6c	COUNT
19136187-45615392	MEDLINE_MeSH_Other	positive	8	1	http://dbmi-icode-01.dbmi.pitt.edu/l/index.php?id=1j6d	COUNT
19000826-45614396	MEDLINE_MeSH_Other	positive	8	1	http://dbmi-icode-01.dbmi.pitt.edu/l/index.php?id=1j6e	COUNT
19000826-45618025	MEDLINE_MeSH_Other	positive	8	1	http://dbmi-icode-01.dbmi.pitt.edu/l/index.php?id=1j6f	COUNT
19000826-45611624	MEDLINE_MeSH_Other	positive	8	1	http://dbmi-icode-01.dbmi.pitt.edu/l/index.php?id=1j6g	COUNT
836208-45617814	MEDLINE_MeSH_Other	positive	8	1	http://dbmi-icode-01.dbmi.pitt.edu/l/index.php?id=1j6h	COUNT
1036667-45614267	MEDLINE_MeSH_Other	positive	8	1	http://dbmi-icode-01.dbmi.pitt.edu/l/index.php?id=1j6i	COUNT
1036228-45618025	MEDLINE_MeSH_Other	positive	8	2	http://dbmi-icode-01.dbmi.pitt.edu/l/index.php?id=1j6j	COUNT
19136626-45615891	MEDLINE_MeSH_Other	positive	8	1	http://dbmi-icode-01.dbmi.pitt.edu/l/index.php?id=1j6k	COUNT
19136210-45618843	MEDLINE_MeSH_Other	positive	8	1	http://dbmi-icode-01.dbmi.pitt.edu/l/index.php?id=1j6l	COUNT
19136626-45616580	MEDLINE_MeSH_Other	positive	8	1	http://dbmi-icode-01.dbmi.pitt.edu/l/index.php?id=1j6m	COUNT
1836430-45612878	MEDLINE_MeSH_Other	positive	8	1	http://dbmi-icode-01.dbmi.pitt.edu/l/index.php?id=1j6n	COUNT
19136187-45616700	MEDLINE_MeSH_Other	positive	8	1	http://dbmi-icode-01.dbmi.pitt.edu/l/index.php?id=1j6o	COUNT
1036157-45612024	MEDLINE_MeSH_Other	positive	8	1	http://dbmi-icode-01.dbmi.pitt.edu/l/index.php?id=1j6p	COUNT
1036157-45615391	MEDLINE_MeSH_Other	positive	8	1	http://dbmi-icode-01.dbmi.pitt.edu/l/index.php?id=1j6q	COUNT
1036157-45615392	MEDLINE_MeSH_Other	positive	8	1	http://dbmi-icode-01.dbmi.pitt.edu/l/index.php?id=1j6r	COUNT
1236607-45614297	MEDLINE_MeSH_Other	positive	8	1	http://dbmi-icode-01.dbmi.pitt.edu/l/index.php?id=1j6s	COUNT
19000813-45616700	MEDLINE_MeSH_Other	positive	8	1	http://dbmi-icode-01.dbmi.pitt.edu/l/index.php?id=1j6t	COUNT
1036228-45611644	MEDLINE_MeSH_Other	positive	8	1	http://dbmi-icode-01.dbmi.pitt.edu/l/index.php?id=1j6u	COUNT
